"","Countryname","Country","F_Proteus_Score","F_Proteus_Score_norm","country","F_admin_code","F_year_month.x","F_year","F_month","F_pop_source","F_countrypop","F_totalipc3plusabsfor","F_totalipc3pluspercfor","F_totalipc4plusabsfor","F_totalipc4pluspercfor","F_totalipc3plusabsnow","F_totalipc3pluspercnow","F_totalipc4plusabsnow","F_totalipc4pluspercnow","F_pctchangeipc3for","F_pctchangeipc4for","F_pctchangeipc3now","F_pctchangeipc4now","F_diffactfor","F_fshighrisk","F_year_month.y","F_max_ipc","F_fews_crm_norm","F_Apr","F_May","F_June","F_Jul","F_Aug","F_Sep","F_Oct","F_Nov","F_fpv","F_fpv_rating","F_fao_wfp_warning"
"1","Afghanistan","AFG",0.661,10,"Afghanistan",202,"2021_02",2021,2,"GPW Version 4 Revision 11 (2018)",36374157.1095,20262310.6564,55.7052376372675,0,0,6768118.3439,18.6069420757308,0,0,37.0982955615366,NA,12.9858897441402,NA,37.0982955615366,"High risk",2021-02-01,3,10,NA,NA,NA,NA,NA,NA,NA,NA,NA,NA,10
"2","Angola","AGO",0.569,9.83253588516746,NA,NA,NA,NA,NA,NA,NA,NA,NA,NA,NA,NA,NA,NA,NA,NA,NA,NA,NA,NA,NA,NA,NA,NA,0.25,0.27,0.28,0.29,0.3,NA,NA,NA,0.28,5,10
"3","Albania","ALB",0.3,3.39712918660287,NA,NA,NA,NA,NA,NA,NA,NA,NA,NA,NA,NA,NA,NA,NA,NA,NA,NA,NA,NA,NA,NA,NA,NA,0.04,0.05,0.04,0.03,0.03,0.04,0.05,0.04,0.04,3,NA
"4","United Arab Emirates","ARE",0.203,1.07655502392344,NA,NA,NA,NA,NA,NA,NA,NA,NA,NA,NA,NA,NA,NA,NA,NA,NA,NA,NA,NA,NA,NA,NA,NA,0.05,0.06,0.06,0.05,0.04,NA,NA,NA,0.06,5,NA
"5","Argentina","ARG",0.253,2.27272727272727,NA,NA,NA,NA,NA,NA,NA,NA,NA,NA,NA,NA,NA,NA,NA,NA,NA,NA,NA,NA,NA,NA,NA,NA,0.52,0.5,0.47,0.46,0.45,0.41,NA,NA,0.47,7,NA
"6","Armenia","ARM",0.271,2.70334928229665,NA,NA,NA,NA,NA,NA,NA,NA,NA,NA,NA,NA,NA,NA,NA,NA,NA,NA,NA,NA,NA,NA,NA,NA,0,0.01,0.02,0.01,0.02,0.01,0.01,0.01,0.02,1,NA
"7","Antigua and Barbuda","ATG",NA,NA,NA,NA,NA,NA,NA,NA,NA,NA,NA,NA,NA,NA,NA,NA,NA,NA,NA,NA,NA,NA,NA,NA,NA,NA,0.03,0.02,0.01,NA,NA,NA,NA,NA,0.01,1,NA
"8","Australia","AUS",0.195,0.885167464114833,NA,NA,NA,NA,NA,NA,NA,NA,NA,NA,NA,NA,NA,NA,NA,NA,NA,NA,NA,NA,NA,NA,NA,NA,NA,NA,NA,NA,NA,NA,NA,NA,NA,NA,NA
"9","Austria","AUT",0.097,0,NA,NA,NA,NA,NA,NA,NA,NA,NA,NA,NA,NA,NA,NA,NA,NA,NA,NA,NA,NA,NA,NA,NA,NA,0.03,0.01,0.03,0.03,0.02,0.03,0.03,0.03,0.03,3,NA
"10","Azerbaijan","AZE",0.335,4.23444976076555,NA,NA,NA,NA,NA,NA,NA,NA,NA,NA,NA,NA,NA,NA,NA,NA,NA,NA,NA,NA,NA,NA,NA,NA,0.06,0.05,0.05,0.04,0.04,0.04,0.04,0.03,0.05,3,NA
"11","Burundi","BDI",0.573,9.92822966507177,"Burundi",1507,"2021_02",2021,2,"GPW Version 4 Revision 11 (2018)",12977943.5912,0,0,0,0,0,0,0,0,0,NA,0,NA,0,"Not high risk",2021-02-01,2,5,NA,NA,NA,NA,NA,NA,NA,NA,NA,NA,NA
"12","Belgium","BEL",0.08,0,NA,NA,NA,NA,NA,NA,NA,NA,NA,NA,NA,NA,NA,NA,NA,NA,NA,NA,NA,NA,NA,NA,NA,NA,0.04,0.04,0.03,0.04,0.04,0.04,0.03,0.02,0.03,3,NA
"13","Benin","BEN",0.518,8.61244019138756,NA,NA,NA,NA,NA,NA,NA,NA,NA,NA,NA,NA,NA,NA,NA,NA,NA,NA,NA,NA,NA,NA,NA,NA,0.03,NA,NA,NA,NA,NA,NA,NA,0.03,3,NA
"14","Burkina Faso","BFA",0.524,8.75598086124402,"Burkina Faso",303,"2021_02",2021,2,"GPW Version 4 Revision 11 (2018)",20841206.0085,0,0,0,0,0,0,0,0,0,NA,0,NA,0,"Not high risk",2017-10-01,2,5,-0.01,0.04,0.04,0.03,0.07,0.08,0.09,0.09,0.04,3,10
"15","Bangladesh","BGD",0.494,8.03827751196172,NA,NA,NA,NA,NA,NA,NA,NA,NA,NA,NA,NA,NA,NA,NA,NA,NA,NA,NA,NA,NA,NA,NA,NA,NA,NA,NA,NA,NA,NA,NA,NA,NA,NA,NA
"16","Bulgaria","BGR",0.259,2.41626794258373,NA,NA,NA,NA,NA,NA,NA,NA,NA,NA,NA,NA,NA,NA,NA,NA,NA,NA,NA,NA,NA,NA,NA,NA,0.07,0.06,0.07,0.06,0.04,0.04,0.04,0.03,0.07,5,NA
"17","Bahrain","BHR",0.18,0.526315789473683,NA,NA,NA,NA,NA,NA,NA,NA,NA,NA,NA,NA,NA,NA,NA,NA,NA,NA,NA,NA,NA,NA,NA,NA,0.03,0.05,0.07,0.03,0.04,NA,NA,NA,0.07,5,NA
"18","Bahamas","BHS",0.308,3.58851674641148,NA,NA,NA,NA,NA,NA,NA,NA,NA,NA,NA,NA,NA,NA,NA,NA,NA,NA,NA,NA,NA,NA,NA,NA,-0.03,0.02,0.02,0.02,0.02,0.02,NA,NA,0.02,1,NA
"19","Bosnia and Herzegovina","BIH",0.293,3.22966507177033,NA,NA,NA,NA,NA,NA,NA,NA,NA,NA,NA,NA,NA,NA,NA,NA,NA,NA,NA,NA,NA,NA,NA,NA,0.01,0,0.01,0.01,0.01,0.01,0.01,0.01,0.01,1,NA
"20","Belarus","BLR",0.201,1.02870813397129,NA,NA,NA,NA,NA,NA,NA,NA,NA,NA,NA,NA,NA,NA,NA,NA,NA,NA,NA,NA,NA,NA,NA,NA,0.04,0.04,0.05,0.04,0.04,0.05,0.04,0.05,0.05,3,NA
"21","Belize","BLZ",0.353,4.66507177033493,NA,NA,NA,NA,NA,NA,NA,NA,NA,NA,NA,NA,NA,NA,NA,NA,NA,NA,NA,NA,NA,NA,NA,NA,NA,NA,NA,NA,NA,NA,NA,NA,NA,NA,NA
"22","Bolivia","BOL",0.496,8.08612440191388,NA,NA,NA,NA,NA,NA,NA,NA,NA,NA,NA,NA,NA,NA,NA,NA,NA,NA,NA,NA,NA,NA,NA,NA,0.03,0,0.01,0,0,NA,NA,NA,0.01,1,NA
"23","Brazil","BRA",0.314,3.73205741626794,NA,NA,NA,NA,NA,NA,NA,NA,NA,NA,NA,NA,NA,NA,NA,NA,NA,NA,NA,NA,NA,NA,NA,NA,NA,NA,NA,NA,NA,NA,NA,NA,NA,NA,NA
"24","Barbados","BRB",0.234,1.81818181818182,NA,NA,NA,NA,NA,NA,NA,NA,NA,NA,NA,NA,NA,NA,NA,NA,NA,NA,NA,NA,NA,NA,NA,NA,NA,NA,NA,NA,NA,NA,NA,NA,NA,NA,NA
"25","Brunei Darussalam","BRN",0.234,1.81818181818182,NA,NA,NA,NA,NA,NA,NA,NA,NA,NA,NA,NA,NA,NA,NA,NA,NA,NA,NA,NA,NA,NA,NA,NA,0.03,0.04,0.03,0.02,0.02,0.02,NA,NA,0.03,3,NA
"26","Bhutan","BTN",0.45,6.98564593301436,NA,NA,NA,NA,NA,NA,NA,NA,NA,NA,NA,NA,NA,NA,NA,NA,NA,NA,NA,NA,NA,NA,NA,NA,0.09,0.09,0.09,0.15,0.15,NA,NA,NA,0.09,5,NA
"27","Botswana","BWA",0.448,6.9377990430622,NA,NA,NA,NA,NA,NA,NA,NA,NA,NA,NA,NA,NA,NA,NA,NA,NA,NA,NA,NA,NA,NA,NA,NA,0.03,0.03,NA,NA,NA,NA,NA,NA,0.03,3,NA
"28","Central African Republic","CAF",0.695,10,NA,NA,NA,NA,NA,NA,NA,NA,NA,NA,NA,NA,NA,NA,NA,NA,NA,NA,NA,NA,NA,NA,NA,NA,NA,NA,NA,NA,NA,NA,NA,NA,NA,NA,10
"29","Canada","CAN",0.193,0.837320574162678,NA,NA,NA,NA,NA,NA,NA,NA,NA,NA,NA,NA,NA,NA,NA,NA,NA,NA,NA,NA,NA,NA,NA,NA,0.04,0.04,0.03,0.02,0.02,0.01,0.02,0.02,0.03,3,NA
"30","Switzerland","CHE",0.105,0,NA,NA,NA,NA,NA,NA,NA,NA,NA,NA,NA,NA,NA,NA,NA,NA,NA,NA,NA,NA,NA,NA,NA,NA,0,0,0.01,0.01,0,0,0.01,0,0.01,1,NA
"31","Chile","CHL",0.301,3.42105263157895,NA,NA,NA,NA,NA,NA,NA,NA,NA,NA,NA,NA,NA,NA,NA,NA,NA,NA,NA,NA,NA,NA,NA,NA,0.07,0.07,0.06,0.07,0.06,0.08,0.08,0.07,0.06,5,NA
"32","China","CHN",0.28,2.91866028708134,NA,NA,NA,NA,NA,NA,NA,NA,NA,NA,NA,NA,NA,NA,NA,NA,NA,NA,NA,NA,NA,NA,NA,NA,NA,NA,NA,NA,NA,NA,NA,NA,NA,NA,NA
"33","CÃ´te d'Ivoire","CIV",0.463,7.29665071770335,NA,NA,NA,NA,NA,NA,NA,NA,NA,NA,NA,NA,NA,NA,NA,NA,NA,NA,NA,NA,NA,NA,NA,NA,0.06,0.04,0.05,0.04,0.05,0.02,0.05,0.02,0.05,3,NA
"34","Cameroon","CMR",0.498,8.13397129186603,"Cameroon",1411,"2021_02",2021,2,"GPW Version 4 Revision 11 (2018)",26284861.148561,2719023.23423,10.3444458727105,0,0,5306576.43289,20.1887177676056,0,0,-5.50927278852785,NA,19.3314659816576,NA,-9.84427189489513,"High risk",2021-02-01,3,10,0.03,0.03,0.03,0.04,0.04,0.04,NA,NA,0.03,3,NA
"35","Congo DR","COD",0.629,10,"Democratic Republic of Congo",882,"2021_02",2021,2,"GPW Version 4 Revision 11 (2018)",90301099.0925712,10728759.88281,11.8810955687389,0,0,10728759.88281,11.8810955687389,0,0,3.83461501000143,NA,-16.4830097856743,NA,0,"Not high risk",2021-02-01,3,7,NA,NA,NA,NA,NA,NA,NA,NA,NA,NA,10
"36","Congo","COG",0.576,10,NA,NA,NA,NA,NA,NA,NA,NA,NA,NA,NA,NA,NA,NA,NA,NA,NA,NA,NA,NA,NA,NA,NA,NA,NA,NA,NA,NA,NA,NA,NA,NA,NA,NA,NA
"37","Colombia","COL",0.37,5.07177033492823,NA,NA,NA,NA,NA,NA,NA,NA,NA,NA,NA,NA,NA,NA,NA,NA,NA,NA,NA,NA,NA,NA,NA,NA,0.08,0.08,0.07,0.05,0.05,0.04,0.04,0.04,0.07,5,NA
"38","Comoros","COM",0.502,8.22966507177034,NA,NA,NA,NA,NA,NA,NA,NA,NA,NA,NA,NA,NA,NA,NA,NA,NA,NA,NA,NA,NA,NA,NA,NA,NA,NA,NA,NA,NA,NA,NA,NA,NA,NA,NA
"39","Cabo Verde","CPV",0.424,6.36363636363636,NA,NA,NA,NA,NA,NA,NA,NA,NA,NA,NA,NA,NA,NA,NA,NA,NA,NA,NA,NA,NA,NA,NA,NA,0.04,0.03,NA,NA,NA,NA,NA,NA,0.03,3,NA
"40","Costa Rica","CRI",0.3,3.39712918660287,NA,NA,NA,NA,NA,NA,NA,NA,NA,NA,NA,NA,NA,NA,NA,NA,NA,NA,NA,NA,NA,NA,NA,NA,0.01,0,-0.01,-0.01,0,0,0,0.01,-0.01,1,NA
"41","Cuba","CUB",0.339,4.33014354066986,NA,NA,NA,NA,NA,NA,NA,NA,NA,NA,NA,NA,NA,NA,NA,NA,NA,NA,NA,NA,NA,NA,NA,NA,NA,NA,NA,NA,NA,NA,NA,NA,NA,NA,NA
"42","Cyprus","CYP",0.247,2.12918660287081,NA,NA,NA,NA,NA,NA,NA,NA,NA,NA,NA,NA,NA,NA,NA,NA,NA,NA,NA,NA,NA,NA,NA,NA,-0.01,0.04,0.01,-0.01,0.01,0.02,NA,NA,0.01,1,NA
"43","Czech Republic","CZE",0.142,0,NA,NA,NA,NA,NA,NA,NA,NA,NA,NA,NA,NA,NA,NA,NA,NA,NA,NA,NA,NA,NA,NA,NA,NA,0.08,0.06,0.05,0.04,0.04,0.03,0.03,0.02,0.05,3,NA
"44","Germany","DEU",0.111,0,NA,NA,NA,NA,NA,NA,NA,NA,NA,NA,NA,NA,NA,NA,NA,NA,NA,NA,NA,NA,NA,NA,NA,NA,0.05,0.04,0.04,0.01,0.01,0.01,0.01,0.01,0.04,3,NA
"45","Djibouti","DJI",0.503,8.25358851674641,NA,NA,NA,NA,NA,NA,NA,NA,NA,NA,NA,NA,NA,NA,NA,NA,NA,NA,NA,NA,NA,NA,NA,NA,0.06,0.04,0.06,0.12,NA,NA,NA,NA,0.06,5,NA
"46","Dominica","DMA",0.388,5.50239234449761,NA,NA,NA,NA,NA,NA,NA,NA,NA,NA,NA,NA,NA,NA,NA,NA,NA,NA,NA,NA,NA,NA,NA,NA,0.01,0.01,0.01,NA,NA,NA,NA,NA,0.01,1,NA
"47","Denmark","DNK",0.14,0,NA,NA,NA,NA,NA,NA,NA,NA,NA,NA,NA,NA,NA,NA,NA,NA,NA,NA,NA,NA,NA,NA,NA,NA,0.02,0.01,0.01,0.01,0.01,0,0.01,0,0.01,1,NA
"48","Dominican Republic","DOM",0.35,4.5933014354067,NA,NA,NA,NA,NA,NA,NA,NA,NA,NA,NA,NA,NA,NA,NA,NA,NA,NA,NA,NA,NA,NA,NA,NA,0.05,0.03,0.04,0.06,0.06,0.06,0.07,0.08,0.04,3,NA
"49","Algeria","DZA",0.282,2.96650717703349,NA,NA,NA,NA,NA,NA,NA,NA,NA,NA,NA,NA,NA,NA,NA,NA,NA,NA,NA,NA,NA,NA,NA,NA,0,0.01,0.02,0.01,-0.02,-0.02,0.02,0.02,0.02,1,NA
"50","Ecuador","ECU",0.373,5.14354066985646,NA,NA,NA,NA,NA,NA,NA,NA,NA,NA,NA,NA,NA,NA,NA,NA,NA,NA,NA,NA,NA,NA,NA,NA,0.05,0.03,0.03,0.01,0,NA,NA,NA,0.03,3,NA
"51","Egypt","EGY",0.233,1.79425837320574,NA,NA,NA,NA,NA,NA,NA,NA,NA,NA,NA,NA,NA,NA,NA,NA,NA,NA,NA,NA,NA,NA,NA,NA,NA,NA,NA,NA,NA,NA,NA,NA,NA,NA,NA
"52","Eritrea","ERI",0.677,10,NA,NA,NA,NA,NA,NA,NA,NA,NA,NA,NA,NA,NA,NA,NA,NA,NA,NA,NA,NA,NA,NA,NA,NA,NA,NA,NA,NA,NA,NA,NA,NA,NA,NA,NA
"53","Spain","ESP",0.151,0,NA,NA,NA,NA,NA,NA,NA,NA,NA,NA,NA,NA,NA,NA,NA,NA,NA,NA,NA,NA,NA,NA,NA,NA,0.04,0.04,0.03,0.02,0.02,0.02,0.02,0.01,0.03,3,NA
"54","Estonia","EST",0.252,2.2488038277512,NA,NA,NA,NA,NA,NA,NA,NA,NA,NA,NA,NA,NA,NA,NA,NA,NA,NA,NA,NA,NA,NA,NA,NA,0.03,0.03,0.03,0.02,0.02,0.01,0.02,0.01,0.03,3,NA
"55","Ethiopia","ETH",0.646,10,"Ethiopia",704,"2021_02",2021,2,"GPW Version 4 Revision 11 (2018)",111619715.18434,36680400.33218,32.8619368644709,4061063.875,3.63830338421232,23210097.1564,20.7939046592876,1851962.125,1.65917116160123,8.50423836061872,NA,13.2440711812298,NA,12.0680322051833,"High risk",2021-02-01,4,10,0.26,0.2,0.23,0.25,0.22,NA,NA,NA,0.23,5,10
"56","Finland","FIN",0.195,0.885167464114833,NA,NA,NA,NA,NA,NA,NA,NA,NA,NA,NA,NA,NA,NA,NA,NA,NA,NA,NA,NA,NA,NA,NA,NA,0.01,0.02,0.02,0.03,0.01,0.02,0.02,0.02,0.02,1,NA
"57","Fiji","FJI",0.363,4.90430622009569,NA,NA,NA,NA,NA,NA,NA,NA,NA,NA,NA,NA,NA,NA,NA,NA,NA,NA,NA,NA,NA,NA,NA,NA,-0.01,-0.01,-0.06,0.01,-0.03,-0.02,-0.02,NA,-0.06,1,NA
"58","France","FRA",0.116,0,NA,NA,NA,NA,NA,NA,NA,NA,NA,NA,NA,NA,NA,NA,NA,NA,NA,NA,NA,NA,NA,NA,NA,NA,0.04,0.04,0.03,0.01,0.01,0.01,0.02,0.02,0.03,3,NA
"59","Micronesia","FSM",NA,NA,NA,NA,NA,NA,NA,NA,NA,NA,NA,NA,NA,NA,NA,NA,NA,NA,NA,NA,NA,NA,NA,NA,NA,NA,NA,NA,NA,NA,NA,NA,NA,NA,NA,NA,NA
"60","Gabon","GAB",0.434,6.60287081339713,NA,NA,NA,NA,NA,NA,NA,NA,NA,NA,NA,NA,NA,NA,NA,NA,NA,NA,NA,NA,NA,NA,NA,NA,0.02,0.02,0.02,0.03,0.02,0.03,0.02,NA,0.02,1,NA
"61","United Kingdom","GBR",0.128,0,NA,NA,NA,NA,NA,NA,NA,NA,NA,NA,NA,NA,NA,NA,NA,NA,NA,NA,NA,NA,NA,NA,NA,NA,0.01,0.02,0.01,0.01,0,NA,0.01,0,0.01,1,NA
"62","Georgia","GEO",0.364,4.92822966507177,NA,NA,NA,NA,NA,NA,NA,NA,NA,NA,NA,NA,NA,NA,NA,NA,NA,NA,NA,NA,NA,NA,NA,NA,0.16,0.15,0.14,0.12,0.09,0.06,0.05,0.06,0.14,5,NA
"63","Ghana","GHA",0.458,7.17703349282297,NA,NA,NA,NA,NA,NA,NA,NA,NA,NA,NA,NA,NA,NA,NA,NA,NA,NA,NA,NA,NA,NA,NA,NA,NA,NA,NA,NA,NA,NA,NA,NA,NA,NA,NA
"64","Guinea","GIN",0.527,8.82775119617225,NA,NA,NA,NA,NA,NA,NA,NA,NA,NA,NA,NA,NA,NA,NA,NA,NA,NA,NA,NA,NA,NA,NA,NA,0.14,0.13,0.13,0.13,0.13,0.12,0.13,0.13,0.13,5,NA
"65","Gambia","GMB",0.472,7.51196172248804,NA,NA,NA,NA,NA,NA,NA,NA,NA,NA,NA,NA,NA,NA,NA,NA,NA,NA,NA,NA,NA,NA,NA,NA,0.07,0.06,0.06,0.05,0.07,0.06,0.07,0.06,0.06,5,NA
"66","Guinea-Bissau","GNB",0.52,8.66028708133971,NA,NA,NA,NA,NA,NA,NA,NA,NA,NA,NA,NA,NA,NA,NA,NA,NA,NA,NA,NA,NA,NA,NA,NA,NA,NA,NA,NA,NA,NA,NA,NA,NA,NA,NA
"67","Equatorial Guinea","GNQ",0.384,5.4066985645933,NA,NA,NA,NA,NA,NA,NA,NA,NA,NA,NA,NA,NA,NA,NA,NA,NA,NA,NA,NA,NA,NA,NA,NA,0.07,0.08,0.09,NA,NA,NA,NA,NA,0.09,5,NA
"68","Greece","GRC",0.163,0.119617224880383,NA,NA,NA,NA,NA,NA,NA,NA,NA,NA,NA,NA,NA,NA,NA,NA,NA,NA,NA,NA,NA,NA,NA,NA,0.01,0.01,0.04,0.02,0.02,0.02,0.02,0.02,0.04,3,NA
"69","Grenada","GRD",NA,NA,NA,NA,NA,NA,NA,NA,NA,NA,NA,NA,NA,NA,NA,NA,NA,NA,NA,NA,NA,NA,NA,NA,NA,NA,0.01,0.01,0.01,NA,NA,NA,NA,NA,0.01,1,NA
"70","Guatemala","GTM",0.43,6.50717703349282,"Guatemala",1011,"2021_02",2021,2,"GPW Version 4 Revision 11 (2018)",17988228.5783,7961234.3595,44.2580231001956,0,0,7961234.3595,44.2580231001956,0,0,12.2456275180831,NA,12.2456275180831,NA,0,"High risk",2021-02-01,3,10,NA,NA,NA,NA,NA,NA,NA,NA,NA,NA,10
"71","Guyana","GUY",0.353,4.66507177033493,NA,NA,NA,NA,NA,NA,NA,NA,NA,NA,NA,NA,NA,NA,NA,NA,NA,NA,NA,NA,NA,NA,NA,NA,NA,NA,NA,NA,NA,NA,NA,NA,NA,NA,NA
"72","Honduras","HND",0.415,6.14832535885167,NA,NA,NA,NA,NA,NA,NA,NA,NA,NA,NA,NA,NA,NA,NA,NA,NA,NA,NA,NA,NA,NA,NA,NA,0.06,0.05,0.05,0.07,0.06,0.05,0.03,0.04,0.05,3,10
"73","Croatia","HRV",0.209,1.2200956937799,NA,NA,NA,NA,NA,NA,NA,NA,NA,NA,NA,NA,NA,NA,NA,NA,NA,NA,NA,NA,NA,NA,NA,NA,0.04,0.03,0.02,NA,NA,NA,NA,NA,0.02,1,NA
"74","Haiti","HTI",0.701,10,"Haiti",932,"2021_02",2021,2,"GPW Version 4 Revision 11 (2018)",11226900.41839,3443340.77356,30.6704490575128,0,0,4331142.58999,38.5782578323707,0,0,-7.90780877485787,NA,4.36990232162721,NA,-7.90780877485787,"Not high risk",2021-02-01,3,7,0.26,0.27,NA,NA,NA,NA,NA,NA,0.27,5,10
"75","Hungary","HUN",0.197,0.933014354066986,NA,NA,NA,NA,NA,NA,NA,NA,NA,NA,NA,NA,NA,NA,NA,NA,NA,NA,NA,NA,NA,NA,NA,NA,0.09,0.09,0.08,0.08,0.08,0.07,0.06,0.06,0.08,5,NA
"76","Indonesia","IDN",0.377,5.23923444976077,NA,NA,NA,NA,NA,NA,NA,NA,NA,NA,NA,NA,NA,NA,NA,NA,NA,NA,NA,NA,NA,NA,NA,NA,NA,NA,NA,NA,NA,NA,NA,NA,NA,NA,NA
"77","India","IND",0.458,7.17703349282297,NA,NA,NA,NA,NA,NA,NA,NA,NA,NA,NA,NA,NA,NA,NA,NA,NA,NA,NA,NA,NA,NA,NA,NA,NA,NA,NA,NA,NA,NA,NA,NA,NA,NA,NA
"78","Ireland","IRL",0.119,0,NA,NA,NA,NA,NA,NA,NA,NA,NA,NA,NA,NA,NA,NA,NA,NA,NA,NA,NA,NA,NA,NA,NA,NA,-0.01,-0.01,-0.02,-0.01,-0.02,-0.01,-0.02,-0.01,-0.02,1,NA
"79","Iran","IRN",0.282,2.96650717703349,NA,NA,NA,NA,NA,NA,NA,NA,NA,NA,NA,NA,NA,NA,NA,NA,NA,NA,NA,NA,NA,NA,NA,NA,NA,NA,NA,NA,NA,NA,NA,NA,NA,NA,NA
"80","Iraq","IRQ",0.405,5.90909090909091,NA,NA,NA,NA,NA,NA,NA,NA,NA,NA,NA,NA,NA,NA,NA,NA,NA,NA,NA,NA,NA,NA,NA,NA,0.02,0,-0.02,-0.02,-0.01,0,0,-0.01,-0.02,1,NA
"81","Iceland","ISL",0.181,0.55023923444976,NA,NA,NA,NA,NA,NA,NA,NA,NA,NA,NA,NA,NA,NA,NA,NA,NA,NA,NA,NA,NA,NA,NA,NA,0.04,0.05,0.06,0.05,0.06,0.06,0.07,0.07,0.06,5,NA
"82","Israel","ISR",0.129,0,NA,NA,NA,NA,NA,NA,NA,NA,NA,NA,NA,NA,NA,NA,NA,NA,NA,NA,NA,NA,NA,NA,NA,NA,0.02,0,0,0.01,0,0,0,0,0,1,NA
"83","Italy","ITA",0.113,0,NA,NA,NA,NA,NA,NA,NA,NA,NA,NA,NA,NA,NA,NA,NA,NA,NA,NA,NA,NA,NA,NA,NA,NA,0.03,0.03,0.02,0.01,0.01,0.01,0.01,0.01,0.02,1,NA
"84","Jamaica","JAM",0.334,4.21052631578947,NA,NA,NA,NA,NA,NA,NA,NA,NA,NA,NA,NA,NA,NA,NA,NA,NA,NA,NA,NA,NA,NA,NA,NA,NA,NA,NA,NA,NA,NA,NA,NA,NA,NA,NA
"85","Jordan","JOR",0.264,2.53588516746411,NA,NA,NA,NA,NA,NA,NA,NA,NA,NA,NA,NA,NA,NA,NA,NA,NA,NA,NA,NA,NA,NA,NA,NA,NA,NA,NA,NA,NA,NA,NA,NA,NA,NA,NA
"86","Japan","JPN",0.249,2.17703349282297,NA,NA,NA,NA,NA,NA,NA,NA,NA,NA,NA,NA,NA,NA,NA,NA,NA,NA,NA,NA,NA,NA,NA,NA,0.02,0.02,0.01,0.02,0.03,0.02,0.01,0,0.01,1,NA
"87","Kazakhstan","KAZ",0.211,1.26794258373206,NA,NA,NA,NA,NA,NA,NA,NA,NA,NA,NA,NA,NA,NA,NA,NA,NA,NA,NA,NA,NA,NA,NA,NA,NA,NA,NA,NA,NA,NA,NA,NA,NA,NA,NA
"88","Kenya","KEN",0.593,10,"Kenya",779,"2021_02",2021,2,"GPW Version 4 Revision 11 (2018)",51906764.9157,5821805.5625,11.2158898208259,0,0,1506063.3125,2.90147789974187,0,0,11.2158898208259,NA,2.90147789974187,NA,8.31441192108398,"High risk",2021-02-01,3,10,NA,NA,NA,NA,NA,NA,NA,NA,NA,NA,NA
"89","Kyrgyzstan","KGZ",0.314,3.73205741626794,NA,NA,NA,NA,NA,NA,NA,NA,NA,NA,NA,NA,NA,NA,NA,NA,NA,NA,NA,NA,NA,NA,NA,NA,NA,NA,NA,NA,NA,NA,NA,NA,NA,NA,NA
"90","Cambodia","KHM",0.548,9.33014354066986,NA,NA,NA,NA,NA,NA,NA,NA,NA,NA,NA,NA,NA,NA,NA,NA,NA,NA,NA,NA,NA,NA,NA,NA,NA,NA,NA,NA,NA,NA,NA,NA,NA,NA,NA
"91","Kiribati","KIR",0.399,5.76555023923445,NA,NA,NA,NA,NA,NA,NA,NA,NA,NA,NA,NA,NA,NA,NA,NA,NA,NA,NA,NA,NA,NA,NA,NA,NA,NA,NA,NA,NA,NA,NA,NA,NA,NA,NA
"92","Saint Kitts and Nevis","KNA",0.326,4.01913875598086,NA,NA,NA,NA,NA,NA,NA,NA,NA,NA,NA,NA,NA,NA,NA,NA,NA,NA,NA,NA,NA,NA,NA,NA,0.01,0.01,0,NA,NA,NA,NA,NA,0,1,NA
"93","Korea Republic of","KOR",0.178,0.47846889952153,NA,NA,NA,NA,NA,NA,NA,NA,NA,NA,NA,NA,NA,NA,NA,NA,NA,NA,NA,NA,NA,NA,NA,NA,0.02,0.02,0.03,0.04,0.07,0.08,0.08,0.07,0.03,3,NA
"94","Kuwait","KWT",0.185,0.645933014354066,NA,NA,NA,NA,NA,NA,NA,NA,NA,NA,NA,NA,NA,NA,NA,NA,NA,NA,NA,NA,NA,NA,NA,NA,NA,NA,NA,NA,NA,NA,NA,NA,NA,NA,NA
"95","Lao PDR","LAO",0.52,8.66028708133971,NA,NA,NA,NA,NA,NA,NA,NA,NA,NA,NA,NA,NA,NA,NA,NA,NA,NA,NA,NA,NA,NA,NA,NA,0.11,0.11,0.1,0.09,0.1,0.08,0.06,0.05,0.1,5,NA
"96","Lebanon","LBN",0.299,3.37320574162679,NA,NA,NA,NA,NA,NA,NA,NA,NA,NA,NA,NA,NA,NA,NA,NA,NA,NA,NA,NA,NA,NA,NA,NA,NA,NA,NA,NA,NA,NA,NA,NA,NA,NA,10
"97","Liberia","LBR",0.565,9.73684210526316,NA,NA,NA,NA,NA,NA,NA,NA,NA,NA,NA,NA,NA,NA,NA,NA,NA,NA,NA,NA,NA,NA,NA,NA,NA,NA,NA,NA,NA,NA,NA,NA,NA,NA,10
"98","Libya","LBY",0.301,3.42105263157895,NA,NA,NA,NA,NA,NA,NA,NA,NA,NA,NA,NA,NA,NA,NA,NA,NA,NA,NA,NA,NA,NA,NA,NA,NA,NA,NA,NA,NA,NA,NA,NA,NA,NA,NA
"99","Saint Lucia","LCA",NA,NA,NA,NA,NA,NA,NA,NA,NA,NA,NA,NA,NA,NA,NA,NA,NA,NA,NA,NA,NA,NA,NA,NA,NA,NA,-0.02,-0.01,-0.01,NA,NA,NA,NA,NA,-0.01,1,NA
"100","Liechtenstein","LIE",NA,NA,NA,NA,NA,NA,NA,NA,NA,NA,NA,NA,NA,NA,NA,NA,NA,NA,NA,NA,NA,NA,NA,NA,NA,NA,NA,NA,NA,NA,NA,NA,NA,NA,NA,NA,NA
"101","Sri Lanka","LKA",0.395,5.66985645933014,NA,NA,NA,NA,NA,NA,NA,NA,NA,NA,NA,NA,NA,NA,NA,NA,NA,NA,NA,NA,NA,NA,NA,NA,NA,NA,NA,NA,NA,NA,NA,NA,NA,NA,NA
"102","Lesotho","LSO",0.524,8.75598086124402,NA,NA,NA,NA,NA,NA,NA,NA,NA,NA,NA,NA,NA,NA,NA,NA,NA,NA,NA,NA,NA,NA,NA,NA,0.09,0.1,0.11,0.12,0.13,0.13,0.13,0.13,0.11,5,NA
"103","Lithuania","LTU",0.253,2.27272727272727,NA,NA,NA,NA,NA,NA,NA,NA,NA,NA,NA,NA,NA,NA,NA,NA,NA,NA,NA,NA,NA,NA,NA,NA,0.03,0.03,0.03,0.01,0.01,0.02,0.01,0.01,0.03,3,NA
"104","Luxembourg","LUX",0.091,0,NA,NA,NA,NA,NA,NA,NA,NA,NA,NA,NA,NA,NA,NA,NA,NA,NA,NA,NA,NA,NA,NA,NA,NA,0.04,0.04,0.03,0.02,0.02,0.03,0.03,0.03,0.03,3,NA
"105","Latvia","LVA",0.197,0.933014354066986,NA,NA,NA,NA,NA,NA,NA,NA,NA,NA,NA,NA,NA,NA,NA,NA,NA,NA,NA,NA,NA,NA,NA,NA,0.03,0.02,0.01,0.03,0.02,0.02,0.01,0.02,0.01,1,NA
"106","Morocco","MAR",0.304,3.49282296650718,NA,NA,NA,NA,NA,NA,NA,NA,NA,NA,NA,NA,NA,NA,NA,NA,NA,NA,NA,NA,NA,NA,NA,NA,NA,NA,NA,NA,NA,NA,NA,NA,NA,NA,NA
"107","Moldova Republic of","MDA",0.35,4.5933014354067,NA,NA,NA,NA,NA,NA,NA,NA,NA,NA,NA,NA,NA,NA,NA,NA,NA,NA,NA,NA,NA,NA,NA,NA,0.1,0.08,0.09,0.08,0.08,0.06,0.04,0.03,0.09,5,NA
"108","Madagascar","MDG",0.635,10,"Madagascar",1257,"2021_02",2021,2,"GPW Version 4 Revision 11 (2018)",27547004.2423847,1736061.99315,6.30218073034178,0,0,2293126.168187,8.32441215026468,0,0,-0.0405166829895318,NA,1.64672608307454,NA,-2.02223141992291,"Not high risk",2021-02-01,3,7,0.04,0.04,0.04,0.04,0.04,0.04,0.04,0.04,0.04,3,10
"109","Maldives","MDV",0.28,2.91866028708134,NA,NA,NA,NA,NA,NA,NA,NA,NA,NA,NA,NA,NA,NA,NA,NA,NA,NA,NA,NA,NA,NA,NA,NA,NA,NA,NA,NA,NA,NA,NA,NA,NA,NA,NA
"110","Mexico","MEX",0.293,3.22966507177033,NA,NA,NA,NA,NA,NA,NA,NA,NA,NA,NA,NA,NA,NA,NA,NA,NA,NA,NA,NA,NA,NA,NA,NA,0.07,0.08,0.07,0.06,0.07,0.08,0.08,0.07,0.07,5,NA
"111","Marshall Islands","MHL",NA,NA,NA,NA,NA,NA,NA,NA,NA,NA,NA,NA,NA,NA,NA,NA,NA,NA,NA,NA,NA,NA,NA,NA,NA,NA,NA,NA,NA,NA,NA,NA,NA,NA,NA,NA,NA
"112","North Macedonia","MKD",0.309,3.61244019138756,NA,NA,NA,NA,NA,NA,NA,NA,NA,NA,NA,NA,NA,NA,NA,NA,NA,NA,NA,NA,NA,NA,NA,NA,0.01,0.01,0.06,NA,NA,NA,NA,NA,0.06,5,NA
"113","Mali","MLI",0.502,8.22966507177034,"Mali",152,"2021_02",2021,2,"GPW Version 4 Revision 11 (2018)",20466594.85525,1172867.80479,5.73064456049044,0,0,0,0,0,0,1.78671987883806,NA,0,NA,5.73064456049044,"Not high risk",2021-02-01,3,7,NA,NA,NA,NA,NA,NA,NA,NA,NA,NA,10
"114","Malta","MLT",0.158,0,NA,NA,NA,NA,NA,NA,NA,NA,NA,NA,NA,NA,NA,NA,NA,NA,NA,NA,NA,NA,NA,NA,NA,NA,NA,NA,NA,NA,NA,NA,NA,NA,NA,NA,NA
"115","Myanmar","MMR",0.454,7.08133971291866,NA,NA,NA,NA,NA,NA,NA,NA,NA,NA,NA,NA,NA,NA,NA,NA,NA,NA,NA,NA,NA,NA,NA,NA,0.04,0.03,0.02,0.01,0.01,0.02,0.02,0.01,0.02,1,NA
"116","Montenegro","MNE",0.207,1.17224880382775,NA,NA,NA,NA,NA,NA,NA,NA,NA,NA,NA,NA,NA,NA,NA,NA,NA,NA,NA,NA,NA,NA,NA,NA,0.01,0.01,0.02,0.01,0.01,0.02,0.02,0.01,0.02,1,NA
"117","Mongolia","MNG",0.459,7.20095693779904,NA,NA,NA,NA,NA,NA,NA,NA,NA,NA,NA,NA,NA,NA,NA,NA,NA,NA,NA,NA,NA,NA,NA,NA,0.08,0.05,0.05,0.07,0.04,0.02,0.04,0.08,0.05,3,NA
"118","Mozambique","MOZ",0.592,10,"Mozambique",974,"2021_02",2021,2,"GPW Version 4 Revision 11 (2018)",31830372.25,2281237.25,7.16685696316354,0,0,7830643.25,24.6011676787726,0,0,-2.69229572079541,NA,14.7420149948136,NA,-17.4343107156091,"High risk",2021-02-01,3,10,0.07,0.07,0.07,0.07,0.08,NA,NA,NA,0.07,5,10
"119","Mauritania","MRT",0.498,8.13397129186603,"Mauritania",416,"2021_02",2021,2,"GPW Version 4 Revision 11 (2018)",4549959.00995,0,0,0,0,0,0,0,0,0,NA,0,NA,0,"Not high risk",2018-06-01,3,7,NA,NA,NA,NA,NA,NA,NA,NA,NA,NA,NA
"120","Mauritius","MUS",0.233,1.79425837320574,NA,NA,NA,NA,NA,NA,NA,NA,NA,NA,NA,NA,NA,NA,NA,NA,NA,NA,NA,NA,NA,NA,NA,NA,0.12,0.07,0.03,0.03,0.03,0.05,0.07,NA,0.03,3,NA
"121","Malawi","MWI",0.577,10,"Malawi",853,"2021_02",2021,2,"GPW Version 4 Revision 11 (2018)",19961675.5627,0,0,0,0,3350632.6875,16.7853278497369,0,0,-16.7853278497369,NA,16.7853278497369,NA,-16.7853278497369,"Not high risk",2021-02-01,2,5,NA,NA,NA,NA,NA,NA,NA,NA,NA,NA,NA
"122","Malaysia","MYS",0.256,2.3444976076555,NA,NA,NA,NA,NA,NA,NA,NA,NA,NA,NA,NA,NA,NA,NA,NA,NA,NA,NA,NA,NA,NA,NA,NA,NA,NA,NA,NA,NA,NA,NA,NA,NA,NA,NA
"123","Namibia","NAM",0.546,9.28229665071771,NA,NA,NA,NA,NA,NA,NA,NA,NA,NA,NA,NA,NA,NA,NA,NA,NA,NA,NA,NA,NA,NA,NA,NA,0.04,0.05,0.05,0.06,0.07,0.07,0.07,0.07,0.05,3,NA
"124","Niger","NER",0.606,10,"Niger",236,"2021_02",2021,2,"GPW Version 4 Revision 11 (2018)",24312523.16471,3324136.23842,13.67252677108,0,0,3324136.23842,13.67252677108,0,0,-3.64364317038818,NA,-10.1892591059236,NA,0,"Not high risk",2021-02-01,3,7,NA,NA,NA,NA,NA,NA,NA,NA,NA,NA,10
"125","Nigeria","NGA",0.513,8.49282296650718,"Nigeria",1102,"2021_02",2021,2,"GPW Version 4 Revision 11 (2018)",206131832.32882,11210430.46898,5.43847611614746,627764.93758,0.304545363269558,9529865.09398,4.62318943479726,533911.59383,0.259014625639338,-2.12802561251317,-0.695454636730442,0,-0.740985374360662,0.815286681350202,"Not high risk",2021-02-01,4,8,0.15,0.15,NA,NA,NA,NA,NA,NA,0.15,5,10
"126","Nicaragua","NIC",0.442,6.79425837320574,NA,NA,NA,NA,NA,NA,NA,NA,NA,NA,NA,NA,NA,NA,NA,NA,NA,NA,NA,NA,NA,NA,NA,NA,0.04,NA,NA,NA,NA,NA,NA,NA,0.04,3,NA
"127","Netherlands","NLD",0.155,0,NA,NA,NA,NA,NA,NA,NA,NA,NA,NA,NA,NA,NA,NA,NA,NA,NA,NA,NA,NA,NA,NA,NA,NA,0.03,0.03,0.03,0.02,0.01,0.01,0.01,0.01,0.03,3,NA
"128","Norway","NOR",0.149,0,NA,NA,NA,NA,NA,NA,NA,NA,NA,NA,NA,NA,NA,NA,NA,NA,NA,NA,NA,NA,NA,NA,NA,NA,0.04,0.05,0.03,0.02,0.04,0.04,0.04,0.03,0.03,3,NA
"129","Nepal","NPL",0.536,9.04306220095694,NA,NA,NA,NA,NA,NA,NA,NA,NA,NA,NA,NA,NA,NA,NA,NA,NA,NA,NA,NA,NA,NA,NA,NA,0.1,0.09,0.05,0.06,0.05,0.08,NA,NA,0.05,3,NA
"130","Nauru","NRU",NA,NA,NA,NA,NA,NA,NA,NA,NA,NA,NA,NA,NA,NA,NA,NA,NA,NA,NA,NA,NA,NA,NA,NA,NA,NA,NA,NA,NA,NA,NA,NA,NA,NA,NA,NA,NA
"131","New Zealand","NZL",0.235,1.84210526315789,NA,NA,NA,NA,NA,NA,NA,NA,NA,NA,NA,NA,NA,NA,NA,NA,NA,NA,NA,NA,NA,NA,NA,NA,NA,NA,NA,NA,NA,NA,NA,NA,NA,NA,NA
"132","Oman","OMN",0.293,3.22966507177033,NA,NA,NA,NA,NA,NA,NA,NA,NA,NA,NA,NA,NA,NA,NA,NA,NA,NA,NA,NA,NA,NA,NA,NA,0.02,0.03,0.03,0.01,0,0,0,NA,0.03,3,NA
"133","Pakistan","PAK",0.435,6.62679425837321,NA,NA,NA,NA,NA,NA,NA,NA,NA,NA,NA,NA,NA,NA,NA,NA,NA,NA,NA,NA,NA,NA,NA,NA,0.12,0.12,0.15,0.18,0.13,0.15,0.17,0.15,0.15,5,NA
"134","Panama","PAN",0.371,5.09569377990431,NA,NA,NA,NA,NA,NA,NA,NA,NA,NA,NA,NA,NA,NA,NA,NA,NA,NA,NA,NA,NA,NA,NA,NA,-0.01,-0.01,NA,NA,NA,NA,NA,NA,-0.01,1,NA
"135","Peru","PER",0.436,6.65071770334928,NA,NA,NA,NA,NA,NA,NA,NA,NA,NA,NA,NA,NA,NA,NA,NA,NA,NA,NA,NA,NA,NA,NA,NA,NA,NA,NA,NA,NA,NA,NA,NA,NA,NA,NA
"136","Philippines","PHL",0.459,7.20095693779904,NA,NA,NA,NA,NA,NA,NA,NA,NA,NA,NA,NA,NA,NA,NA,NA,NA,NA,NA,NA,NA,NA,NA,NA,NA,NA,NA,NA,NA,NA,NA,NA,NA,NA,NA
"137","Palau","PLW",NA,NA,NA,NA,NA,NA,NA,NA,NA,NA,NA,NA,NA,NA,NA,NA,NA,NA,NA,NA,NA,NA,NA,NA,NA,NA,NA,NA,NA,NA,NA,NA,NA,NA,NA,NA,NA
"138","Papua New Guinea","PNG",0.607,10,NA,NA,NA,NA,NA,NA,NA,NA,NA,NA,NA,NA,NA,NA,NA,NA,NA,NA,NA,NA,NA,NA,NA,NA,NA,NA,NA,NA,NA,NA,NA,NA,NA,NA,NA
"139","Poland","POL",0.191,0.789473684210526,NA,NA,NA,NA,NA,NA,NA,NA,NA,NA,NA,NA,NA,NA,NA,NA,NA,NA,NA,NA,NA,NA,NA,NA,0.07,0.06,0.05,0.04,0.03,0.03,0.02,0.02,0.05,3,NA
"140","Korea DPR","PRK",0.519,8.63636363636364,NA,NA,NA,NA,NA,NA,NA,NA,NA,NA,NA,NA,NA,NA,NA,NA,NA,NA,NA,NA,NA,NA,NA,NA,NA,NA,NA,NA,NA,NA,NA,NA,NA,NA,NA
"141","Portugal","PRT",0.158,0,NA,NA,NA,NA,NA,NA,NA,NA,NA,NA,NA,NA,NA,NA,NA,NA,NA,NA,NA,NA,NA,NA,NA,NA,0.04,0.02,0.03,0.03,0.02,0.02,0.02,0.02,0.03,3,NA
"142","Paraguay","PRY",0.379,5.28708133971292,NA,NA,NA,NA,NA,NA,NA,NA,NA,NA,NA,NA,NA,NA,NA,NA,NA,NA,NA,NA,NA,NA,NA,NA,0.02,-0.01,-0.01,-0.01,0.01,0.01,0.02,0.03,-0.01,1,NA
"143","Qatar","QAT",0.119,0,NA,NA,NA,NA,NA,NA,NA,NA,NA,NA,NA,NA,NA,NA,NA,NA,NA,NA,NA,NA,NA,NA,NA,NA,0.01,0,-0.01,-0.01,0,-0.01,0.01,-0.01,-0.01,1,NA
"144","Romania","ROU",0.261,2.46411483253589,NA,NA,NA,NA,NA,NA,NA,NA,NA,NA,NA,NA,NA,NA,NA,NA,NA,NA,NA,NA,NA,NA,NA,NA,NA,NA,NA,NA,NA,NA,NA,NA,NA,NA,NA
"145","Russian Federation","RUS",0.266,2.58373205741627,NA,NA,NA,NA,NA,NA,NA,NA,NA,NA,NA,NA,NA,NA,NA,NA,NA,NA,NA,NA,NA,NA,NA,NA,0.04,0.04,0.04,0.05,0.05,0.05,0.05,NA,0.04,3,NA
"146","Rwanda","RWA",0.537,9.06698564593302,NA,NA,NA,NA,NA,NA,NA,NA,NA,NA,NA,NA,NA,NA,NA,NA,NA,NA,NA,NA,NA,NA,NA,NA,0.19,0.13,0.14,0.17,0.16,0.15,0.14,0.05,0.14,5,NA
"147","Saudi Arabia","SAU",0.258,2.39234449760766,NA,NA,NA,NA,NA,NA,NA,NA,NA,NA,NA,NA,NA,NA,NA,NA,NA,NA,NA,NA,NA,NA,NA,NA,0.06,0.07,0.06,0.14,0.14,0.13,0.13,0.13,0.06,5,NA
"148","Sudan","SDN",0.576,10,"Sudan",624,"2021_02",2021,2,"GPW Version 4 Revision 11 (2018)",45255925.53269,8790357.10959,19.4236600094288,248703.1875,0.549548339963466,1894947.1642,4.18718022423652,0,0,-1.2212348639313,-0.450451660036534,-5.52891353483114,NA,15.2364797851923,"Not high risk",2021-02-01,4,8,NA,NA,NA,NA,NA,NA,NA,NA,NA,NA,10
"149","Senegal","SEN",0.467,7.39234449760766,NA,NA,NA,NA,NA,NA,NA,NA,NA,NA,NA,NA,NA,NA,NA,NA,NA,NA,NA,NA,NA,NA,NA,NA,0.04,0.03,0.02,0.04,0.05,0.04,0.04,0.04,0.02,1,NA
"150","Singapore","SGP",0.101,0,NA,NA,NA,NA,NA,NA,NA,NA,NA,NA,NA,NA,NA,NA,NA,NA,NA,NA,NA,NA,NA,NA,NA,NA,0.03,0.04,0.04,0.04,0.03,0.03,0.02,0.03,0.04,3,NA
"151","Solomon Islands","SLB",0.54,9.13875598086125,NA,NA,NA,NA,NA,NA,NA,NA,NA,NA,NA,NA,NA,NA,NA,NA,NA,NA,NA,NA,NA,NA,NA,NA,NA,NA,NA,NA,NA,NA,NA,NA,NA,NA,NA
"152","Sierra Leone","SLE",0.561,9.64114832535885,NA,NA,NA,NA,NA,NA,NA,NA,NA,NA,NA,NA,NA,NA,NA,NA,NA,NA,NA,NA,NA,NA,NA,NA,NA,NA,NA,NA,NA,NA,NA,NA,NA,NA,10
"153","El Salvador","SLV",0.366,4.97607655502392,NA,NA,NA,NA,NA,NA,NA,NA,NA,NA,NA,NA,NA,NA,NA,NA,NA,NA,NA,NA,NA,NA,NA,NA,0.02,0.02,0.03,0.03,0.02,0.01,0.01,0.01,0.03,3,10
"154","Somalia","SOM",0.775,10,"Somalia",0,"2021_02",2021,2,"GPW Version 4 Revision 11 (2018)",12372753.03379,7663586.55312,61.9392186378467,0,0,2075529.8224,16.7750040490724,0,0,26.9069030566452,NA,-4.64729328719065,NA,45.1642145887743,"High risk",2021-02-01,3,10,NA,NA,NA,NA,NA,NA,NA,NA,NA,NA,10
"155","Serbia","SRB",0.321,3.89952153110048,NA,NA,NA,NA,NA,NA,NA,NA,NA,NA,NA,NA,NA,NA,NA,NA,NA,NA,NA,NA,NA,NA,NA,NA,0,0.02,0.04,0.04,0.03,0.03,0.03,0.03,0.04,3,NA
"156","South Sudan","SSD",0.752,10,"South Sudan",74,"2021_02",2021,2,"GPW Version 4 Revision 11 (2018)",14183489.8064,0,0,0,0,0,0,0,0,0,NA,0,NA,0,"Not high risk",2020-06-01,4,8,NA,NA,NA,NA,NA,NA,NA,NA,NA,NA,10
"157","Sao Tome and Principe","STP",0.501,8.20574162679426,NA,NA,NA,NA,NA,NA,NA,NA,NA,NA,NA,NA,NA,NA,NA,NA,NA,NA,NA,NA,NA,NA,NA,NA,NA,NA,NA,NA,NA,NA,NA,NA,NA,NA,NA
"158","Suriname","SUR",0.389,5.52631578947368,NA,NA,NA,NA,NA,NA,NA,NA,NA,NA,NA,NA,NA,NA,NA,NA,NA,NA,NA,NA,NA,NA,NA,NA,NA,NA,NA,NA,NA,NA,NA,NA,NA,NA,NA
"159","Slovakia","SVK",0.194,0.861244019138756,NA,NA,NA,NA,NA,NA,NA,NA,NA,NA,NA,NA,NA,NA,NA,NA,NA,NA,NA,NA,NA,NA,NA,NA,0.04,0.05,0.03,0.02,0.01,0,0.01,0.01,0.03,3,NA
"160","Slovenia","SVN",0.167,0.21531100478469,NA,NA,NA,NA,NA,NA,NA,NA,NA,NA,NA,NA,NA,NA,NA,NA,NA,NA,NA,NA,NA,NA,NA,NA,0.05,0.05,0.03,0.03,0.04,0.04,0.03,0.02,0.03,3,NA
"161","Sweden","SWE",0.223,1.55502392344497,NA,NA,NA,NA,NA,NA,NA,NA,NA,NA,NA,NA,NA,NA,NA,NA,NA,NA,NA,NA,NA,NA,NA,NA,0.04,0.04,0.03,0.02,0.02,0.01,0.01,0.01,0.03,3,NA
"162","Eswatini","SWZ",0.489,7.91866028708134,NA,NA,NA,NA,NA,NA,NA,NA,NA,NA,NA,NA,NA,NA,NA,NA,NA,NA,NA,NA,NA,NA,NA,NA,0.04,0.04,0.05,0.04,0.04,0.04,NA,NA,0.05,3,NA
"163","Seychelles","SYC",0.25,2.20095693779904,NA,NA,NA,NA,NA,NA,NA,NA,NA,NA,NA,NA,NA,NA,NA,NA,NA,NA,NA,NA,NA,NA,NA,NA,NA,NA,NA,NA,NA,NA,NA,NA,NA,NA,NA
"164","Syria","SYR",0.416,6.17224880382775,NA,NA,NA,NA,NA,NA,NA,NA,NA,NA,NA,NA,NA,NA,NA,NA,NA,NA,NA,NA,NA,NA,NA,NA,NA,NA,NA,NA,NA,NA,NA,NA,NA,NA,10
"165","Chad","TCD",0.648,10,"Chad",319,"2021_02",2021,2,"GPW Version 4 Revision 11 (2018)",16413356.613735,620937.6876,3.78312433107307,0,0,620937.6876,3.78312433107307,0,0,-0.683142592485746,NA,-0.683142592485746,NA,0,"Not high risk",2021-02-01,3,7,NA,NA,NA,NA,NA,NA,NA,NA,NA,NA,NA
"166","Togo","TGO",0.521,8.68421052631579,NA,NA,NA,NA,NA,NA,NA,NA,NA,NA,NA,NA,NA,NA,NA,NA,NA,NA,NA,NA,NA,NA,NA,NA,0.05,0.02,-0.01,0.03,0.06,0.07,0.07,NA,-0.01,1,NA
"167","Thailand","THA",0.307,3.56459330143541,NA,NA,NA,NA,NA,NA,NA,NA,NA,NA,NA,NA,NA,NA,NA,NA,NA,NA,NA,NA,NA,NA,NA,NA,0.01,0,0,0.01,0.02,0.01,0.02,0.02,0,1,NA
"168","Tajikistan","TJK",0.405,5.90909090909091,NA,NA,NA,NA,NA,NA,NA,NA,NA,NA,NA,NA,NA,NA,NA,NA,NA,NA,NA,NA,NA,NA,NA,NA,NA,NA,NA,NA,NA,NA,NA,NA,NA,NA,NA
"169","Turkmenistan","TKM",0.295,3.27751196172249,NA,NA,NA,NA,NA,NA,NA,NA,NA,NA,NA,NA,NA,NA,NA,NA,NA,NA,NA,NA,NA,NA,NA,NA,NA,NA,NA,NA,NA,NA,NA,NA,NA,NA,NA
"170","Timor-Leste","TLS",0.547,9.30622009569378,NA,NA,NA,NA,NA,NA,NA,NA,NA,NA,NA,NA,NA,NA,NA,NA,NA,NA,NA,NA,NA,NA,NA,NA,0.01,0.01,NA,NA,NA,NA,NA,NA,0.01,1,NA
"171","Tonga","TON",0.347,4.52153110047847,NA,NA,NA,NA,NA,NA,NA,NA,NA,NA,NA,NA,NA,NA,NA,NA,NA,NA,NA,NA,NA,NA,NA,NA,NA,NA,NA,NA,NA,NA,NA,NA,NA,NA,NA
"172","Trinidad and Tobago","TTO",0.279,2.89473684210526,NA,NA,NA,NA,NA,NA,NA,NA,NA,NA,NA,NA,NA,NA,NA,NA,NA,NA,NA,NA,NA,NA,NA,NA,NA,NA,NA,NA,NA,NA,NA,NA,NA,NA,NA
"173","Tunisia","TUN",0.244,2.05741626794258,NA,NA,NA,NA,NA,NA,NA,NA,NA,NA,NA,NA,NA,NA,NA,NA,NA,NA,NA,NA,NA,NA,NA,NA,NA,NA,NA,NA,NA,NA,NA,NA,NA,NA,NA
"174","Turkey","TUR",0.177,0.454545454545453,NA,NA,NA,NA,NA,NA,NA,NA,NA,NA,NA,NA,NA,NA,NA,NA,NA,NA,NA,NA,NA,NA,NA,NA,0.11,0.13,0.13,0.13,0.14,0.15,0.17,NA,0.13,5,NA
"175","Tuvalu","TUV",NA,NA,NA,NA,NA,NA,NA,NA,NA,NA,NA,NA,NA,NA,NA,NA,NA,NA,NA,NA,NA,NA,NA,NA,NA,NA,NA,NA,NA,NA,NA,NA,NA,NA,NA,NA,NA
"176","Tanzania","TZA",0.564,9.71291866028708,NA,NA,NA,NA,NA,NA,NA,NA,NA,NA,NA,NA,NA,NA,NA,NA,NA,NA,NA,NA,NA,NA,NA,NA,0.05,0.04,0.04,0.04,0.04,NA,NA,NA,0.04,3,NA
"177","Uganda","UGA",0.593,10,"Uganda",1201,"2021_02",2021,2,"GPW Version 4 Revision 11 (2018)",45562762.44189,885717.9688,1.94395142289634,0,0,885717.9688,1.94395142289634,0,0,0,NA,1.94395142289634,NA,0,"Not high risk",2021-02-01,3,7,0.05,0.03,0.02,0.02,0.02,0,0,NA,0.02,1,NA
"178","Ukraine","UKR",0.254,2.29665071770335,NA,NA,NA,NA,NA,NA,NA,NA,NA,NA,NA,NA,NA,NA,NA,NA,NA,NA,NA,NA,NA,NA,NA,NA,NA,NA,NA,NA,NA,NA,NA,NA,NA,NA,NA
"179","Uruguay","URY",0.289,3.13397129186603,NA,NA,NA,NA,NA,NA,NA,NA,NA,NA,NA,NA,NA,NA,NA,NA,NA,NA,NA,NA,NA,NA,NA,NA,NA,NA,NA,NA,NA,NA,NA,NA,NA,NA,NA
"180","United States of America","USA",0.166,0.191387559808613,NA,NA,NA,NA,NA,NA,NA,NA,NA,NA,NA,NA,NA,NA,NA,NA,NA,NA,NA,NA,NA,NA,NA,NA,0.04,0.05,0.06,0.05,0.05,0.04,0.04,0.04,0.06,5,NA
"181","Uzbekistan","UZB",0.294,3.25358851674641,NA,NA,NA,NA,NA,NA,NA,NA,NA,NA,NA,NA,NA,NA,NA,NA,NA,NA,NA,NA,NA,NA,NA,NA,NA,NA,NA,NA,NA,NA,NA,NA,NA,NA,NA
"182","Saint Vincent and the Grenadines","VCT",0.345,4.47368421052632,NA,NA,NA,NA,NA,NA,NA,NA,NA,NA,NA,NA,NA,NA,NA,NA,NA,NA,NA,NA,NA,NA,NA,NA,0.02,0.02,0.01,NA,NA,NA,NA,NA,0.01,1,NA
"183","Venezuela","VEN",0.37,5.07177033492823,NA,NA,NA,NA,NA,NA,NA,NA,NA,NA,NA,NA,NA,NA,NA,NA,NA,NA,NA,NA,NA,NA,NA,NA,NA,NA,NA,NA,NA,NA,NA,NA,NA,NA,10
"184","Viet Nam","VNM",0.389,5.52631578947368,NA,NA,NA,NA,NA,NA,NA,NA,NA,NA,NA,NA,NA,NA,NA,NA,NA,NA,NA,NA,NA,NA,NA,NA,0.12,0.12,0.12,0.12,0.12,0.11,0.09,0.07,0.12,5,NA
"185","Vanuatu","VUT",0.502,8.22966507177034,NA,NA,NA,NA,NA,NA,NA,NA,NA,NA,NA,NA,NA,NA,NA,NA,NA,NA,NA,NA,NA,NA,NA,NA,NA,NA,NA,NA,NA,NA,NA,NA,NA,NA,NA
"186","Samoa","WSM",0.292,3.20574162679426,NA,NA,NA,NA,NA,NA,NA,NA,NA,NA,NA,NA,NA,NA,NA,NA,NA,NA,NA,NA,NA,NA,NA,NA,0.03,-0.01,-0.01,-0.01,-0.02,-0.06,-0.09,NA,-0.01,1,NA
"187","Yemen","YEM",0.604,10,"Yemen",1033,"2021_02",2021,2,"GPW Version 4 Revision 11 (2018)",29841393.132476,29701473.476176,99.5311222378967,15182601.913676,50.8776579105249,29701473.476176,99.5311222378967,14461837.601176,48.4623406721497,0,49.8776579105249,0,47.4623406721497,0,"High risk",2021-02-01,4,10,NA,NA,NA,NA,NA,NA,NA,NA,NA,NA,10
"188","South Africa","ZAF",0.385,5.43062200956938,NA,NA,NA,NA,NA,NA,NA,NA,NA,NA,NA,NA,NA,NA,NA,NA,NA,NA,NA,NA,NA,NA,NA,NA,0.04,0.04,0.04,0.04,0.04,0.04,0.05,0.05,0.04,3,NA
"189","Zambia","ZMB",0.522,8.70813397129187,"Zambia",481,"2021_02",2021,2,"GPW Version 4 Revision 11 (2018)",18888478.48934,0,0,0,0,0,0,0,0,0,NA,0,NA,0,"Not high risk",2017-10-01,1,3,0.17,0.17,0.16,0.16,0.16,0.14,0.15,0.17,0.16,5,NA
"190","Zimbabwe","ZWE",0.581,10,"Zimbabwe",553,"2021_02",2021,2,"GPW Version 4 Revision 11 (2018)",17464726.41514,0,0,0,0,9041770.45378,51.7716123279308,0,0,-52.7382752305551,NA,3.14434230543655,NA,-51.7716123279308,"Not high risk",2021-02-01,2,5,NA,NA,NA,NA,NA,NA,NA,NA,NA,NA,10
