"","Countryname","Country","Fr_FCS_Normalised","Fr_REIGN_Normalised","Fr_Displaced_UNHCR_Normalised","Fr_BRD_Normalised","Fr_Overall_Conflict_Risk_Score"
"1","Libya","LBY",10,0,6.42277319030563,0,6.42277319030563
"2","Sudan","SDN",10,0,0,10,10
"3","Afghanistan","AFG",10,0,10,2.51266586827492,10
"4","Mozambique","MOZ",10,0,10,7.51100761576771,10
"5","Niger","NER",10,0,10,10,10
"6","Algeria","DZA",0,0,0,9.88228526259174,9.88228526259174
"7","Ethiopia","ETH",0,0,7.50490206032001,10,10
"8","Iraq","IRQ",10,10,0,0,10
"9","South Sudan","SSD",10,10,0,4.65296920791196,10
"10","Central African Republic","CAF",10,NA,8.4765583773798,7.09766434584287,8.4765583773798
"11","Chad","TCD",10,0,10,0.721927759861686,10
"12","Croatia","HRV",0,0,0,5,5
"13","Lebanon","LBN",10,0,0,4.9450266587162,4.9450266587162
"14","Maldives","MDV",0,0,0,NA,0
"15","Mauritania","MRT",0,0,0,0,0
"16","Ukraine","UKR",0,0,0,1.45332496926708,1.45332496926708
"17","Zimbabwe","ZWE",10,0,10,0,10
"18","Belarus","BLR",0,0,0,0,0
"19","Brazil","BRA",0,0,0,5.34809600042311,5.34809600042311
"20","Cabo Verde","CPV",0,0,0,NA,0
"21","Haiti","HTI",10,10,0,8.31569299660801,10
"22","Honduras","HND",0,0,10,3.19811814775476,10
"23","Peru","PER",0,0,0,0,0
"24","Serbia","SRB",0,0,0,0,0
"25","Somalia","SOM",10,10,10,0,10
"26","Yemen","YEM",10,0,10,2.22660327129003,10
"27","Armenia","ARM",0,0,0,0,0
"28","Cameroon","CMR",10,0,10,2.32032245719332,10
"29","Colombia","COL",0,0,9.25617165531393,10,10
"30","Congo DR","COD",10,0,10,8.30019509087244,10
"31","Grenada","GRD",0,0,0,0,0
"32","Guinea","GIN",0,0,0,4.09050528264321,4.09050528264321
"33","Iran","IRN",0,0,0,4.79482568926091,4.79482568926091
"34","Kenya","KEN",0,0,0,0,0
"35","Malawi","MWI",0,0,0,8.94366114123674,8.94366114123674
"36","Mali","MLI",10,10,10,4.55249671850232,10
"37","Montenegro","MNE",0,0,0,0,0
"38","Nigeria","NGA",10,0,6.09947170799869,10,10
"39","Papua New Guinea","PNG",10,0,0,NA,0
"40","Romania","ROU",0,0,0,NA,0
"41","South Africa","ZAF",0,0,0,10,10
"42","Tajikistan","TJK",0,0,0,0,0
"43","Zambia","ZMB",0,0,0,0,0
"44","Albania","ALB",0,0,0,0,0
"45","Antigua and Barbuda","ATG",0,0,0,0,0
"46","Argentina","ARG",0,0,0,0,0
"47","Barbados","BRB",0,0,0,NA,0
"48","Bolivia","BOL",0,0,0,0,0
"49","Burkina Faso","BFA",10,10,10,5.20312464654037,10
"50","Dominica","DMA",0,0,0,NA,0
"51","Egypt","EGY",0,0,0,0,0
"52","El Salvador","SLV",0,0,9.12862417558222,3.35433955491303,9.12862417558222
"53","Eritrea","ERI",10,0,0,NA,0
"54","Georgia","GEO",0,0,10,0,10
"55","Guatemala","GTM",0,0,0,0,0
"56","Lesotho","LSO",0,0,0,0,0
"57","Mauritius","MUS",0,0,0,NA,0
"58","Myanmar","MMR",10,0,0,10,10
"59","Pakistan","PAK",0,0,0,4.41639012422886,4.41639012422886
"60","Seychelles","SYC",0,0,0,NA,0
"61","Spain","ESP",0,0,0,0,0
"62","Suriname","SUR",0,0,0,0,0
"63","Syria","SYR",10,10,0,0,10
"64","Timor-Leste","TLS",10,0,0,NA,0
"65","Trinidad and Tobago","TTO",0,0,0,0.529181382714302,0.529181382714302
"66","Tunisia","TUN",0,0,0,6.65349281241123,6.65349281241123
"67","Uganda","UGA",0,0,0,10,10
"68","Venezuela","VEN",10,0,0,0,0
"69","Angola","AGO",0,0,0,8.70549953026362,8.70549953026362
"70","Bahamas","BHS",0,0,0,0,0
"71","Belize","BLZ",0,0,0,3.3073522695288,3.3073522695288
"72","Bosnia and Herzegovina","BIH",0,0,1.69529125743,0,1.69529125743
"73","Botswana","BWA",0,0,0,NA,0
"74","Brunei Darussalam","BRN",0,0,NA,NA,0
"75","Bulgaria","BGR",0,0,0,0,0
"76","Cyprus","CYP",0,0,NA,0,0
"77","Djibouti","DJI",0,0,0,5,5
"78","Ecuador","ECU",0,0,0,0,0
"79","Equatorial Guinea","GNQ",0,0,0,0,0
"80","Fiji","FJI",0,0,0,NA,0
"81","Greece","GRC",0,0,0,0,0
"82","Guyana","GUY",0,0,0,0,0
"83","Hungary","HUN",0,0,0,0,0
"84","Kazakhstan","KAZ",0,0,0,0,0
"85","Malaysia","MYS",0,0,0,0,0
"86","Nicaragua","NIC",0,0,0,0,0
"87","Oman","OMN",0,0,0,0,0
"88","Palau","PLW",0,0,NA,NA,0
"89","Poland","POL",0,0,0,0,0
"90","Saint Lucia","LCA",0,0,0,0,0
"91","Solomon Islands","SLB",10,0,0,NA,0
"92","United Arab Emirates","ARE",0,0,0,NA,0
"93","Azerbaijan","AZE",0,0,10,4.51742231281785,10
"94","Bahrain","BHR",0,0,0,0,0
"95","Bangladesh","BGD",0,0,0,7.55648726308298,7.55648726308298
"96","Bhutan","BTN",0,0,0,NA,0
"97","Burundi","BDI",10,0,0,0,0
"98","Cambodia","KHM",0,0,0,0,0
"99","China","CHN",0,0,0,7.80054606168074,7.80054606168074
"100","Comoros","COM",10,0,0,NA,0
"101","Congo","COG",10,0,10,0,10
"102","France","FRA",0,0,0,0,0
"103","Gabon","GAB",0,0,0,0,0
"104","Gambia","GMB",10,10,0,0,10
"105","Germany","DEU",0,0,0,0,0
"106","Kiribati","KIR",10,0,NA,NA,0
"107","Korea DPR","PRK",0,0,0,10,10
"108","Kuwait","KWT",0,0,0,5,5
"109","Luxembourg","LUX",0,0,NA,0,0
"110","Madagascar","MDG",0,0,0,3.24987526118176,3.24987526118176
"111","Malta","MLT",0,0,0,0,0
"112","Mexico","MEX",0,0,0,3.30275519199877,3.30275519199877
"113","Micronesia","FSM",10,NA,NA,NA,NA
"114","Moldova Republic of","MDA",0,0,0,0,0
"115","Mongolia","MNG",0,0,0,0,0
"116","Morocco","MAR",0,0,0,5,5
"117","Nauru","NRU",0,0,NA,NA,0
"118","Panama","PAN",0,0,0,5,5
"119","Rwanda","RWA",0,0,0,4.78334448554472,4.78334448554472
"120","Samoa","WSM",0,0,NA,NA,0
"121","Sao Tome and Principe","STP",0,0,0,NA,0
"122","Saudi Arabia","SAU",0,0,0,0,0
"123","Senegal","SEN",0,0,0,10,10
"124","Sierra Leone","SLE",0,0,0,0,0
"125","Tanzania","TZA",0,0,0,0,0
"126","Togo","TGO",0,0,0,0,0
"127","Turkey","TUR",0,0,0,0,0
"128","Turkmenistan","TKM",0,0,0,NA,0
"129","Tuvalu","TUV",10,0,NA,NA,0
"130","Uzbekistan","UZB",0,0,0,0,0
"131","Vanuatu","VUT",0,0,NA,NA,0
"132","Australia","AUS",0,0,0,NA,0
"133","Austria","AUT",0,0,0,0,0
"134","Belgium","BEL",0,0,0,5,5
"135","Chile","CHL",0,0,0,7.51812561009919,7.51812561009919
"136","Cuba","CUB",0,0,0,0,0
"137","Czech Republic","CZE",0,0,0,0,0
"138","Dominican Republic","DOM",0,0,0,0,0
"139","Estonia","EST",0,0,0,0,0
"140","Iceland","ISL",0,0,0,0,0
"141","India","IND",0,0,0,0,0
"142","Ireland","IRL",0,0,NA,0,0
"143","Israel","ISR",0,0,0,5,5
"144","Italy","ITA",0,0,0,0,0
"145","Japan","JPN",0,0,0,0,0
"146","Jordan","JOR",0,0,0,0,0
"147","Latvia","LVA",0,0,0,0,0
"148","Liberia","LBR",10,0,0,0,0
"149","Lithuania","LTU",0,0,0,0,0
"150","Netherlands","NLD",0,0,0,0,0
"151","New Zealand","NZL",0,0,0,NA,0
"152","North Macedonia","MKD",0,0,0,0,0
"153","Philippines","PHL",0,0,3.78315416348216,5.47529441745158,5.47529441745158
"154","Portugal","PRT",0,0,0,0,0
"155","Qatar","QAT",0,0,0,NA,0
"156","Saint Kitts and Nevis","KNA",0,0,0,NA,0
"157","Saint Vincent and the Grenadines","VCT",0,0,0,NA,0
"158","Singapore","SGP",0,0,0,NA,0
"159","Slovenia","SVN",0,0,0,0,0
"160","Sweden","SWE",0,0,0,0,0
"161","Switzerland","CHE",0,0,0,0,0
"162","Thailand","THA",0,0,0,0,0
"163","Tonga","TON",0,0,0,NA,0
"164","United States of America","USA",0,0,0,10,10
"165","Uruguay","URY",0,0,0,0,0
"166","Benin","BEN",0,0,0,10,10
"167","Canada","CAN",0,0,0,NA,0
"168","Costa Rica","CRI",0,0,0,0,0
"169","CÃ´te d'Ivoire","CIV",0,0,0,5.19414493599386,5.19414493599386
"170","Denmark","DNK",0,0,0,0,0
"171","Eswatini","SWZ",0,0,0,NA,0
"172","Finland","FIN",0,0,NA,0,0
"173","Ghana","GHA",0,0,0,0,0
"174","Guinea-Bissau","GNB",10,0,0,0,0
"175","Indonesia","IDN",0,0,0,6.06065238606218,6.06065238606218
"176","Jamaica","JAM",0,0,0,10,10
"177","Korea Republic of","KOR",0,0,0,0,0
"178","Kyrgyzstan","KGZ",0,0,0,0,0
"179","Lao PDR","LAO",10,0,0,5,5
"180","Liechtenstein","LIE",0,0,NA,NA,0
"181","Marshall Islands","MHL",10,0,0,NA,0
"182","Namibia","NAM",0,0,0,0,0
"183","Nepal","NPL",0,0,0,0,0
"184","Norway","NOR",0,0,0,0,0
"185","Paraguay","PRY",0,0,0,10,10
"186","Russian Federation","RUS",0,0,0,1.33528949911549,1.33528949911549
"187","Slovakia","SVK",0,0,0,0,0
"188","Sri Lanka","LKA",0,0,0,0,0
"189","United Kingdom","GBR",0,NA,0,0,0
"190","Viet Nam","VNM",0,0,0,NA,0
