Income Level,Country,Color Bin,X,Jan.19,Feb.19,Mar.19,Apr.19,May.19,Jun.19,Jul.19,Aug.19,Sep.19,Oct.19,Nov.19,Dec.19,Jan.20,Feb.20,Mar.20,Apr.20,May.20,Jun.20,Jul.20,Aug.20,Sep.20,Oct.20,Nov.20,Dec.20
Low income,Afghanistan,2-5.,Food Change Yoy,,,"0,03",,,,"0,05",,"0,04","0,03","0,03","0,05",,,,,,,,,,,,
Low income,Afghanistan,2-5.,Min. Bin,,,"1,000",,,,"1,000",,"1,000","1,000","1,000","1,000",,,,,,,,,,,,
Low income,Afghanistan,5-30.,Food Change Yoy,,,,"0,05","0,07","0,06",,"0,05",,,,,"0,06","0,06","0,05",,,,,,,,,
Low income,Afghanistan,5-30.,Min. Bin,,,,"1,000","1,000","1,000",,"1,000",,,,,"1,000","1,000","1,000",,,,,,,,,
Low income,Afghanistan,< 2.,Food Change Yoy,"0,00","0,00",,,,,,,,,,,,,,,,,,,,,,
Low income,Afghanistan,< 2.,Min. Bin,"1,000","1,000",,,,,,,,,,,,,,,,,,,,,,
Low income,Burkina Faso,2-5.,Food Change Yoy,,,,,,,,,,,,,,,,,"0,04","0,04","0,03",,,,,
Low income,Burkina Faso,2-5.,Min. Bin,,,,,,,,,,,,,,,,,"1,000","1,000","1,000",,,,,
Low income,Burkina Faso,5-30.,Food Change Yoy,,,,,,,,,,,,,,,,,,,,"0,07","0,08","0,09","0,09",
Low income,Burkina Faso,5-30.,Min. Bin,,,,,,,,,,,,,,,,,,,,"1,000","1,000","1,000","1,000",
Low income,Burkina Faso,< 2.,Food Change Yoy,"-0,03","-0,04","-0,04","-0,05","-0,05","-0,08","-0,08","-0,09","-0,10","-0,08","-0,06","-0,05","-0,02","0,00","-0,01","-0,01",,,,,,,,
Low income,Burkina Faso,< 2.,Min. Bin,"1,000","1,000","1,000","1,000","1,000","1,000","1,000","1,000","1,000","1,000","1,000","1,000","1,000","1,000","1,000","1,000",,,,,,,,
Low income,Burundi,2-5.,Food Change Yoy,,,,,,,,,"0,03",,,,,,,,,,,,,,,
Low income,Burundi,2-5.,Min. Bin,,,,,,,,,"1,000",,,,,,,,,,,,,,,
Low income,Burundi,5-30.,Food Change Yoy,,,,,,,,,,"0,06","0,06","0,09","0,09",,,,,,,,,,,
Low income,Burundi,5-30.,Min. Bin,,,,,,,,,,"1,000","1,000","1,000","1,000",,,,,,,,,,,
Low income,Burundi,< 2.,Food Change Yoy,"-0,11","-0,11","-0,08","-0,06","-0,06","-0,09","-0,06","-0,03",,,,,,,,,,,,,,,,
Low income,Burundi,< 2.,Min. Bin,"1,000","1,000","1,000","1,000","1,000","1,000","1,000","1,000",,,,,,,,,,,,,,,,
Low income,Chad,2-5.,Food Change Yoy,,,,,,,,,,,,,"0,04",,,,,,,,,,,
Low income,Chad,2-5.,Min. Bin,,,,,,,,,,,,,"1,000",,,,,,,,,,,
Low income,Chad,5-30.,Food Change Yoy,,,,,,,,,,,,,,"0,08",,,,,,,,,,
Low income,Chad,5-30.,Min. Bin,,,,,,,,,,,,,,"1,000",,,,,,,,,,
Low income,Chad,< 2.,Food Change Yoy,"-0,07","-0,07","-0,07","-0,09","-0,07","-0,04","-0,05","-0,05","-0,03","-0,04","-0,04","0,00",,,,,,,,,,,,
Low income,Chad,< 2.,Min. Bin,"1,000","1,000","1,000","1,000","1,000","1,000","1,000","1,000","1,000","1,000","1,000","1,000",,,,,,,,,,,,
Low income,Ethiopia,5-30.,Food Change Yoy,"0,11","0,11","0,11","0,14","0,21","0,20","0,20","0,23","0,23","0,23","0,24","0,23","0,22","0,25","0,27","0,26","0,20","0,23","0,25","0,22",,,,
Low income,Ethiopia,5-30.,Min. Bin,"1,000","1,000","1,000","1,000","1,000","1,000","1,000","1,000","1,000","1,000","1,000","1,000","1,000","1,000","1,000","1,000","1,000","1,000","1,000","1,000",,,,
Low income,Gambia,5-30.,Food Change Yoy,"0,06","0,06","0,06","0,06","0,07","0,07","0,07","0,07","0,07","0,07","0,08","0,08","0,08","0,06","0,08","0,07","0,06","0,06","0,05","0,07","0,06","0,07","0,06",
Low income,Gambia,5-30.,Min. Bin,"1,000","1,000","1,000","1,000","1,000","1,000","1,000","1,000","1,000","1,000","1,000","1,000","1,000","1,000","1,000","1,000","1,000","1,000","1,000","1,000","1,000","1,000","1,000",
Low income,Guinea,5-30.,Food Change Yoy,"0,12","0,11","0,12","0,11","0,11","0,11","0,11","0,12","0,12","0,11","0,12","0,12","0,12","0,12","0,12","0,14","0,13","0,13","0,13","0,13","0,12","0,13","0,13",
Low income,Guinea,5-30.,Min. Bin,"1,000","1,000","1,000","1,000","1,000","1,000","1,000","1,000","1,000","1,000","1,000","1,000","1,000","1,000","1,000","1,000","1,000","1,000","1,000","1,000","1,000","1,000","1,000",
Low income,Haiti,5-30.,Food Change Yoy,"0,19","0,20","0,20","0,22","0,22","0,23","0,22","0,23","0,24","0,24","0,25","0,25","0,25","0,25","0,27","0,26","0,27",,,,,,,
Low income,Haiti,5-30.,Min. Bin,"1,000","1,000","1,000","1,000","1,000","1,000","1,000","1,000","1,000","1,000","1,000","1,000","1,000","1,000","1,000","1,000","1,000",,,,,,,
Low income,Liberia,5-30.,Food Change Yoy,,"0,28",,,,,,,,,,,,,,,,,,,,,,
Low income,Liberia,5-30.,Min. Bin,,"1,000",,,,,,,,,,,,,,,,,,,,,,
Low income,Liberia,>30,Food Change Yoy,"0,30",,,,,,,,,,,,,,,,,,,,,,,
Low income,Liberia,>30,Min. Bin,"1,000",,,,,,,,,,,,,,,,,,,,,,,
Low income,Madagascar,2-5.,Food Change Yoy,,,,,,"0,05","0,05","0,05","0,04","0,04","0,04","0,03","0,03","0,03","0,04","0,04","0,04","0,04","0,04","0,04","0,04","0,04","0,04",
Low income,Madagascar,2-5.,Min. Bin,,,,,,"1,000","1,000","1,000","1,000","1,000","1,000","1,000","1,000","1,000","1,000","1,000","1,000","1,000","1,000","1,000","1,000","1,000","1,000",
Low income,Madagascar,5-30.,Food Change Yoy,"0,06","0,06","0,05","0,05","0,05",,,,,,,,,,,,,,,,,,,
Low income,Madagascar,5-30.,Min. Bin,"1,000","1,000","1,000","1,000","1,000",,,,,,,,,,,,,,,,,,,
Low income,Malawi,5-30.,Food Change Yoy,"0,11","0,11","0,14","0,14","0,13","0,14","0,14","0,15","0,14","0,16","0,17",,"0,18","0,17",,,,,,,,,,
Low income,Malawi,5-30.,Min. Bin,"1,000","1,000","1,000","1,000","1,000","1,000","1,000","1,000","1,000","1,000","1,000",,"1,000","1,000",,,,,,,,,,
Low income,Malawi,>30,Food Change Yoy,,,,,,,,,,,,"0,31",,,,,,,,,,,,
Low income,Malawi,>30,Min. Bin,,,,,,,,,,,,"1,000",,,,,,,,,,,,
Low income,Mali,< 2.,Food Change Yoy,"-0,03","-0,01","-0,01","0,01","0,02","-0,01","-0,02","-0,03","-0,02","-0,04","-0,04","-0,02","0,01","0,02","0,00",,,,,,,,,
Low income,Mali,< 2.,Min. Bin,"1,000","1,000","1,000","1,000","1,000","1,000","1,000","1,000","1,000","1,000","1,000","1,000","1,000","1,000","1,000",,,,,,,,,
Low income,Mozambique,2-5.,Food Change Yoy,,,,"0,03","0,03","0,03","0,03","0,03","0,03","0,04",,,,,,,,,,,,,,
Low income,Mozambique,2-5.,Min. Bin,,,,"1,000","1,000","1,000","1,000","1,000","1,000","1,000",,,,,,,,,,,,,,
Low income,Mozambique,5-30.,Food Change Yoy,,,,,,,,,,,"0,05","0,08","0,08","0,08","0,07","0,07","0,07","0,07","0,07","0,08",,,,
Low income,Mozambique,5-30.,Min. Bin,,,,,,,,,,,"1,000","1,000","1,000","1,000","1,000","1,000","1,000","1,000","1,000","1,000",,,,
Low income,Mozambique,< 2.,Food Change Yoy,"0,01","0,01","0,02",,,,,,,,,,,,,,,,,,,,,
Low income,Mozambique,< 2.,Min. Bin,"1,000","1,000","1,000",,,,,,,,,,,,,,,,,,,,,
Low income,Niger,< 2.,Food Change Yoy,"-0,07","-0,04","-0,03","-0,04","-0,06","-0,07","-0,06","-0,07","-0,05","-0,03","-0,03","-0,03","0,00","0,00",,,,,,,,,,
Low income,Niger,< 2.,Min. Bin,"1,000","1,000","1,000","1,000","1,000","1,000","1,000","1,000","1,000","1,000","1,000","1,000","1,000","1,000",,,,,,,,,,
Low income,Rwanda,2-5.,Food Change Yoy,,,,,,,,"0,04",,,,,,,,,,,,,,,"0,05","0,04"
Low income,Rwanda,2-5.,Min. Bin,,,,,,,,"1,000",,,,,,,,,,,,,,,"1,000","1,000"
Low income,Rwanda,5-30.,Food Change Yoy,,,,,,,,,"0,08","0,14","0,24","0,24","0,22","0,27","0,24","0,19","0,13","0,14","0,17","0,16","0,15","0,14",,
Low income,Rwanda,5-30.,Min. Bin,,,,,,,,,"1,000","1,000","1,000","1,000","1,000","1,000","1,000","1,000","1,000","1,000","1,000","1,000","1,000","1,000",,
Low income,Rwanda,< 2.,Food Change Yoy,"-0,07","-0,07","-0,04","-0,03","-0,04","-0,01","0,01",,,,,,,,,,,,,,,,,
Low income,Rwanda,< 2.,Min. Bin,"1,000","1,000","1,000","1,000","1,000","1,000","1,000",,,,,,,,,,,,,,,,,
Low income,Sierra Leone,2-5.,Food Change Yoy,,,,,,,,,,,"0,04",,,,,,,,,,,,,
Low income,Sierra Leone,2-5.,Min. Bin,,,,,,,,,,,"1,000",,,,,,,,,,,,,
Low income,Sierra Leone,5-30.,Food Change Yoy,"0,11","0,11","0,12","0,16","0,08","0,07","0,08","0,08","0,08","0,09",,"0,05","0,07","0,08","0,10",,,,,,,,,
Low income,Sierra Leone,5-30.,Min. Bin,"1,000","1,000","1,000","1,000","1,000","1,000","1,000","1,000","1,000","1,000",,"1,000","1,000","1,000","1,000",,,,,,,,,
Low income,Sudan,>30,Food Change Yoy,"0,61","0,62","0,62","0,62","0,58","0,60","0,64","0,62","0,61","0,67","0,70","0,63","0,68",,,,,,,,,,,
Low income,Sudan,>30,Min. Bin,"1,000","1,000","1,000","1,000","1,000","1,000","1,000","1,000","1,000","1,000","1,000","1,000","1,000",,,,,,,,,,,
Low income,Togo,2-5.,Food Change Yoy,,"0,03","0,03",,,,,,,,,,,,,"0,05",,,"0,03",,,,,
Low income,Togo,2-5.,Min. Bin,,"1,000","1,000",,,,,,,,,,,,,"1,000",,,"1,000",,,,,
Low income,Togo,5-30.,Food Change Yoy,,,,,,,,,,,,,"0,17",,,,,,,"0,06","0,07","0,07",,
Low income,Togo,5-30.,Min. Bin,,,,,,,,,,,,,"1,000",,,,,,,"1,000","1,000","1,000",,
Low income,Togo,< 2.,Food Change Yoy,"-0,13",,,"-0,02","-0,03","0,02","-0,01","-0,03","-0,01","-0,01","-0,02","-0,03",,"-0,01","0,02",,"0,02","-0,01",,,,,,
Low income,Togo,< 2.,Min. Bin,"1,000",,,"1,000","1,000","1,000","1,000","1,000","1,000","1,000","1,000","1,000",,"1,000","1,000",,"1,000","1,000",,,,,,
Low income,Uganda,2-5.,Food Change Yoy,,,,,,,,,,,,"0,02","0,03","0,04","0,04","0,05","0,03",,,,,,,
Low income,Uganda,2-5.,Min. Bin,,,,,,,,,,,,"1,000","1,000","1,000","1,000","1,000","1,000",,,,,,,
Low income,Uganda,< 2.,Food Change Yoy,"-0,01","-0,01","-0,03","-0,01","0,00","0,01","0,01","0,00","-0,01","0,00","0,01",,,,,,,"0,02","0,02","0,02","0,00","0,00",,
Low income,Uganda,< 2.,Min. Bin,"1,000","1,000","1,000","1,000","1,000","1,000","1,000","1,000","1,000","1,000","1,000",,,,,,,"1,000","1,000","1,000","1,000","1,000",,
Lower middle income,Algeria,2-5.,Food Change Yoy,,,"0,02",,,,,,,,,,,,,,,,,,,,"0,02",
Lower middle income,Algeria,2-5.,Min. Bin,,,"1,000",,,,,,,,,,,,,,,,,,,,"1,000",
Lower middle income,Algeria,< 2.,Food Change Yoy,"0,01","0,02",,"0,01","-0,02","-0,04","-0,02","-0,01","0,01","-0,02","-0,03","0,00","-0,01","-0,01","-0,01","0,00","0,01","0,02","0,01","-0,02","-0,02","0,02",,
Lower middle income,Algeria,< 2.,Min. Bin,"1,000","1,000",,"1,000","1,000","1,000","1,000","1,000","1,000","1,000","1,000","1,000","1,000","1,000","1,000","1,000","1,000","1,000","1,000","1,000","1,000","1,000",,
Lower middle income,Angola,5-30.,Food Change Yoy,"0,16","0,16","0,16","0,16","0,16","0,16","0,16","0,16","0,17","0,17","0,18","0,19","0,20","0,21","0,22","0,25","0,27","0,28","0,29","0,30",,,,
Lower middle income,Angola,5-30.,Min. Bin,"1,000","1,000","1,000","1,000","1,000","1,000","1,000","1,000","1,000","1,000","1,000","1,000","1,000","1,000","1,000","1,000","1,000","1,000","1,000","1,000",,,,
Lower middle income,Bangladesh,2-5.,Food Change Yoy,,,,,,,,,,,,,,"0,05",,,,,,,,,,
Lower middle income,Bangladesh,2-5.,Min. Bin,,,,,,,,,,,,,,"1,000",,,,,,,,,,
Lower middle income,Bangladesh,5-30.,Food Change Yoy,"0,05","0,05","0,06","0,06","0,05","0,05","0,05","0,05","0,05","0,05","0,06","0,06","0,05",,,,,,,,,,,
Lower middle income,Bangladesh,5-30.,Min. Bin,"1,000","1,000","1,000","1,000","1,000","1,000","1,000","1,000","1,000","1,000","1,000","1,000","1,000",,,,,,,,,,,
Lower middle income,Benin,2-5.,Food Change Yoy,"0,03",,"0,04",,,,,,,,,,,"0,04",,"0,03",,,,,,,,
Lower middle income,Benin,2-5.,Min. Bin,"1,000",,"1,000",,,,,,,,,,,"1,000",,"1,000",,,,,,,,
Lower middle income,Benin,< 2.,Food Change Yoy,,"-0,03",,"-0,03","0,00","-0,06","-0,03","-0,03","-0,06","-0,05","-0,03","-0,05","-0,03",,"-0,01",,,,,,,,,
Lower middle income,Benin,< 2.,Min. Bin,,"1,000",,"1,000","1,000","1,000","1,000","1,000","1,000","1,000","1,000","1,000","1,000",,"1,000",,,,,,,,,
Lower middle income,Bhutan,2-5.,Food Change Yoy,"0,04","0,03","0,03","0,04","0,03","0,03","0,04","0,04","0,04","0,04","0,04","0,04","0,04","0,05",,,,,,,,,,
Lower middle income,Bhutan,2-5.,Min. Bin,"1,000","1,000","1,000","1,000","1,000","1,000","1,000","1,000","1,000","1,000","1,000","1,000","1,000","1,000",,,,,,,,,,
Lower middle income,Bhutan,5-30.,Food Change Yoy,,,,,,,,,,,,,,,"0,07","0,09","0,09","0,09","0,15","0,15",,,,
Lower middle income,Bhutan,5-30.,Min. Bin,,,,,,,,,,,,,,,"1,000","1,000","1,000","1,000","1,000","1,000",,,,
Lower middle income,Bolivia,2-5.,Food Change Yoy,,,,,"0,03","0,03","0,04",,,,,,,,"0,02","0,03",,,,,,,,
Lower middle income,Bolivia,2-5.,Min. Bin,,,,,"1,000","1,000","1,000",,,,,,,,"1,000","1,000",,,,,,,,
Lower middle income,Bolivia,5-30.,Food Change Yoy,,,,,,,,"0,05","0,06","0,06","0,09",,,,,,,,,,,,,
Lower middle income,Bolivia,5-30.,Min. Bin,,,,,,,,"1,000","1,000","1,000","1,000",,,,,,,,,,,,,
Lower middle income,Bolivia,< 2.,Food Change Yoy,"0,01","0,00","0,00","0,01",,,,,,,,"0,02","0,01","0,02",,,"0,00","0,01","0,00","0,00",,,,
Lower middle income,Bolivia,< 2.,Min. Bin,"1,000","1,000","1,000","1,000",,,,,,,,"1,000","1,000","1,000",,,"1,000","1,000","1,000","1,000",,,,
Lower middle income,Cambodia,2-5.,Food Change Yoy,"0,02","0,02",,,,,"0,02",,,,,,,,,,,,,,,,,
Lower middle income,Cambodia,2-5.,Min. Bin,"1,000","1,000",,,,,"1,000",,,,,,,,,,,,,,,,,
Lower middle income,Cambodia,< 2.,Food Change Yoy,,,"0,02","0,02","0,02","0,01",,,,,,,,,,,,,,,,,,
Lower middle income,Cambodia,< 2.,Min. Bin,,,"1,000","1,000","1,000","1,000",,,,,,,,,,,,,,,,,,
Lower middle income,Cameroon,2-5.,Food Change Yoy,,"0,03","0,03","0,03","0,02","0,03","0,04","0,04","0,03","0,02","0,03","0,03","0,04","0,03","0,03","0,03","0,03","0,03","0,04","0,04","0,04",,,
Lower middle income,Cameroon,2-5.,Min. Bin,,"1,000","1,000","1,000","1,000","1,000","1,000","1,000","1,000","1,000","1,000","1,000","1,000","1,000","1,000","1,000","1,000","1,000","1,000","1,000","1,000",,,
Lower middle income,Cameroon,< 2.,Food Change Yoy,"0,02",,,,,,,,,,,,,,,,,,,,,,,
Lower middle income,Cameroon,< 2.,Min. Bin,"1,000",,,,,,,,,,,,,,,,,,,,,,,
Lower middle income,Cape Verde,2-5.,Food Change Yoy,,,,,,"0,02","0,02","0,02",,,,"0,04","0,04","0,04","0,04","0,04","0,03",,,,,,,
Lower middle income,Cape Verde,2-5.,Min. Bin,,,,,,"1,000","1,000","1,000",,,,"1,000","1,000","1,000","1,000","1,000","1,000",,,,,,,
Lower middle income,Cape Verde,< 2.,Food Change Yoy,"0,01","-0,01","-0,01","-0,01","0,01",,,,"0,02","0,02","0,02",,,,,,,,,,,,,
Lower middle income,Cape Verde,< 2.,Min. Bin,"1,000","1,000","1,000","1,000","1,000",,,,"1,000","1,000","1,000",,,,,,,,,,,,,
Lower middle income,Cote d`Ivoire,2-5.,Food Change Yoy,,,,,,,,,,,,,"0,04",,,,"0,04","0,05","0,04","0,05","0,02",,"0,02",
Lower middle income,Cote d`Ivoire,2-5.,Min. Bin,,,,,,,,,,,,,"1,000",,,,"1,000","1,000","1,000","1,000","1,000",,"1,000",
Lower middle income,Cote d`Ivoire,5-30.,Food Change Yoy,,,,,,,,,,,,,,"0,06","0,06","0,06",,,,,,"0,05",,
Lower middle income,Cote d`Ivoire,5-30.,Min. Bin,,,,,,,,,,,,,,"1,000","1,000","1,000",,,,,,"1,000",,
Lower middle income,Cote d`Ivoire,< 2.,Food Change Yoy,"-0,05","-0,04","-0,07","-0,05","0,00","-0,02","-0,04","-0,07","-0,03","-0,03","-0,01","-0,02",,,,,,,,,,,,
Lower middle income,Cote d`Ivoire,< 2.,Min. Bin,"1,000","1,000","1,000","1,000","1,000","1,000","1,000","1,000","1,000","1,000","1,000","1,000",,,,,,,,,,,,
Lower middle income,Djibouti,2-5.,Food Change Yoy,"0,03","0,05","0,05",,,,,,,,,,,,,,"0,04",,,,,,,
Lower middle income,Djibouti,2-5.,Min. Bin,"1,000","1,000","1,000",,,,,,,,,,,,,,"1,000",,,,,,,
Lower middle income,Djibouti,5-30.,Food Change Yoy,,,,"0,05","0,06","0,07","0,05","0,05","0,07","0,06","0,07","0,07","0,06","0,06","0,06","0,06",,"0,06","0,12",,,,,
Lower middle income,Djibouti,5-30.,Min. Bin,,,,"1,000","1,000","1,000","1,000","1,000","1,000","1,000","1,000","1,000","1,000","1,000","1,000","1,000",,"1,000","1,000",,,,,
Lower middle income,Egypt,2-5.,Food Change Yoy,,,,,,,,,,,,,"0,03",,,,,,,,,,,
Lower middle income,Egypt,2-5.,Min. Bin,,,,,,,,,,,,,"1,000",,,,,,,,,,,
Lower middle income,Egypt,5-30.,Food Change Yoy,"0,13","0,15","0,15","0,13","0,15","0,10","0,09","0,07",,,,,,,,,,,,,,,,
Lower middle income,Egypt,5-30.,Min. Bin,"1,000","1,000","1,000","1,000","1,000","1,000","1,000","1,000",,,,,,,,,,,,,,,,
Lower middle income,Egypt,< 2.,Food Change Yoy,,,,,,,,,"0,00","-0,05","-0,05","0,02",,"-0,01",,,,,,,,,,
Lower middle income,Egypt,< 2.,Min. Bin,,,,,,,,,"1,000","1,000","1,000","1,000",,"1,000",,,,,,,,,,
Lower middle income,El Salvador,2-5.,Food Change Yoy,,,,,"0,02","0,03",,,,,,,,,,"0,02","0,02","0,03","0,03","0,02",,,,
Lower middle income,El Salvador,2-5.,Min. Bin,,,,,"1,000","1,000",,,,,,,,,,"1,000","1,000","1,000","1,000","1,000",,,,
Lower middle income,El Salvador,< 2.,Food Change Yoy,"0,01","0,01","0,01","0,02",,,"0,02","0,00","0,00","0,01","0,01","0,01","0,01","0,01","0,01",,,,,,"0,01","0,01","0,01",
Lower middle income,El Salvador,< 2.,Min. Bin,"1,000","1,000","1,000","1,000",,,"1,000","1,000","1,000","1,000","1,000","1,000","1,000","1,000","1,000",,,,,,"1,000","1,000","1,000",
Lower middle income,Eswatini,2-5.,Food Change Yoy,,,,"0,02",,"0,02","0,03","0,03","0,03","0,02","0,02","0,03","0,04","0,04","0,04","0,04","0,04","0,05","0,04","0,04","0,04",,,
Lower middle income,Eswatini,2-5.,Min. Bin,,,,"1,000",,"1,000","1,000","1,000","1,000","1,000","1,000","1,000","1,000","1,000","1,000","1,000","1,000","1,000","1,000","1,000","1,000",,,
Lower middle income,Eswatini,< 2.,Food Change Yoy,"0,01","0,01","0,01",,"0,02",,,,,,,,,,,,,,,,,,,
Lower middle income,Eswatini,< 2.,Min. Bin,"1,000","1,000","1,000",,"1,000",,,,,,,,,,,,,,,,,,,
Lower middle income,Honduras,2-5.,Food Change Yoy,,,,,"0,03","0,03","0,03","0,02","0,03","0,03","0,02","0,03","0,03","0,03","0,04",,,,,,"0,05","0,03","0,04","0,04"
Lower middle income,Honduras,2-5.,Min. Bin,,,,,"1,000","1,000","1,000","1,000","1,000","1,000","1,000","1,000","1,000","1,000","1,000",,,,,,"1,000","1,000","1,000","1,000"
Lower middle income,Honduras,5-30.,Food Change Yoy,,,,,,,,,,,,,,,,"0,06","0,05","0,05","0,07","0,06",,,,
Lower middle income,Honduras,5-30.,Min. Bin,,,,,,,,,,,,,,,,"1,000","1,000","1,000","1,000","1,000",,,,
Lower middle income,Honduras,< 2.,Food Change Yoy,"0,01","0,01","0,01","0,02",,,,,,,,,,,,,,,,,,,,
Lower middle income,Honduras,< 2.,Min. Bin,"1,000","1,000","1,000","1,000",,,,,,,,,,,,,,,,,,,,
Lower middle income,India,< 2.,Food Change Yoy,"-0,02","-0,01","0,00","0,01","0,02",,,,,,,,,,,,,,,,,,,
Lower middle income,India,< 2.,Min. Bin,"1,000","1,000","1,000","1,000","1,000",,,,,,,,,,,,,,,,,,,
Lower middle income,Kenya,< 2.,Food Change Yoy,"0,02",,,,,,,,,,,,,,,,,,,,,,,
Lower middle income,Kenya,< 2.,Min. Bin,"1,000",,,,,,,,,,,,,,,,,,,,,,,
Lower middle income,Kiribati,2-5.,Food Change Yoy,,"0,03",,,,,,,,,,,,,,,,,,,,,,
Lower middle income,Kiribati,2-5.,Min. Bin,,"1,000",,,,,,,,,,,,,,,,,,,,,,
Lower middle income,Kiribati,< 2.,Food Change Yoy,"0,01",,"0,02","0,01","-0,04","-0,03","-0,03","-0,04","-0,02","-0,03","-0,05","-0,04",,,,,,,,,,,,
Lower middle income,Kiribati,< 2.,Min. Bin,"1,000",,"1,000","1,000","1,000","1,000","1,000","1,000","1,000","1,000","1,000","1,000",,,,,,,,,,,,
Lower middle income,Kyrgyzstan,2-5.,Food Change Yoy,,,,,,,"0,03","0,04","0,04","0,05",,,,,,,,,,,,,,
Lower middle income,Kyrgyzstan,2-5.,Min. Bin,,,,,,,"1,000","1,000","1,000","1,000",,,,,,,,,,,,,,
Lower middle income,Kyrgyzstan,5-30.,Food Change Yoy,,,,,,,,,,,"0,05","0,06",,,,,,,,,,,,
Lower middle income,Kyrgyzstan,5-30.,Min. Bin,,,,,,,,,,,"1,000","1,000",,,,,,,,,,,,
Lower middle income,Kyrgyzstan,< 2.,Food Change Yoy,"-0,03","-0,03","-0,03","-0,02","0,00","0,01",,,,,,,,,,,,,,,,,,
Lower middle income,Kyrgyzstan,< 2.,Min. Bin,"1,000","1,000","1,000","1,000","1,000","1,000",,,,,,,,,,,,,,,,,,
Lower middle income,Lao People`s Democratic Republic,2-5.,Food Change Yoy,,,,"0,02","0,03","0,03","0,04","0,05",,,,,,,,,,,,,,,,
Lower middle income,Lao People`s Democratic Republic,2-5.,Min. Bin,,,,"1,000","1,000","1,000","1,000","1,000",,,,,,,,,,,,,,,,
Lower middle income,Lao People`s Democratic Republic,5-30.,Food Change Yoy,,,,,,,,,"0,06","0,09","0,10","0,10","0,11","0,10","0,10","0,11","0,11","0,10","0,09","0,10","0,08","0,06","0,05",
Lower middle income,Lao People`s Democratic Republic,5-30.,Min. Bin,,,,,,,,,"1,000","1,000","1,000","1,000","1,000","1,000","1,000","1,000","1,000","1,000","1,000","1,000","1,000","1,000","1,000",
Lower middle income,Lao People`s Democratic Republic,< 2.,Food Change Yoy,"0,01","0,01","0,01",,,,,,,,,,,,,,,,,,,,,
Lower middle income,Lao People`s Democratic Republic,< 2.,Min. Bin,"1,000","1,000","1,000",,,,,,,,,,,,,,,,,,,,,
Lower middle income,Lesotho,5-30.,Food Change Yoy,"0,05","0,06","0,06","0,07","0,07","0,07","0,07","0,07","0,07","0,08","0,07","0,07","0,06","0,05","0,05","0,09","0,10","0,11","0,12","0,13","0,13","0,13","0,13",
Lower middle income,Lesotho,5-30.,Min. Bin,"1,000","1,000","1,000","1,000","1,000","1,000","1,000","1,000","1,000","1,000","1,000","1,000","1,000","1,000","1,000","1,000","1,000","1,000","1,000","1,000","1,000","1,000","1,000",
Lower middle income,Mauritania,2-5.,Food Change Yoy,"0,04","0,03","0,03","0,02","0,02",,"0,03","0,03",,"0,03","0,03","0,03","0,02",,,,,,,,,,,
Lower middle income,Mauritania,2-5.,Min. Bin,"1,000","1,000","1,000","1,000","1,000",,"1,000","1,000",,"1,000","1,000","1,000","1,000",,,,,,,,,,,
Lower middle income,Mauritania,< 2.,Food Change Yoy,,,,,,"0,02",,,"0,02",,,,,,,,,,,,,,,
Lower middle income,Mauritania,< 2.,Min. Bin,,,,,,"1,000",,,"1,000",,,,,,,,,,,,,,,
Lower middle income,"Moldova, Republic of",2-5.,Food Change Yoy,"0,03","0,04","0,04","0,05",,,,,,,,,,,,,,,,,,"0,04","0,03",
Lower middle income,"Moldova, Republic of",2-5.,Min. Bin,"1,000","1,000","1,000","1,000",,,,,,,,,,,,,,,,,,"1,000","1,000",
Lower middle income,"Moldova, Republic of",5-30.,Food Change Yoy,,,,,"0,08","0,07","0,09","0,08","0,10","0,11","0,12","0,13","0,12","0,11","0,11","0,10","0,08","0,09","0,08","0,08","0,06",,,
Lower middle income,"Moldova, Republic of",5-30.,Min. Bin,,,,,"1,000","1,000","1,000","1,000","1,000","1,000","1,000","1,000","1,000","1,000","1,000","1,000","1,000","1,000","1,000","1,000","1,000",,,
Lower middle income,Mongolia,2-5.,Food Change Yoy,,,,,,,,,,,,,,,,,"0,05",,,"0,04","0,02","0,04",,
Lower middle income,Mongolia,2-5.,Min. Bin,,,,,,,,,,,,,,,,,"1,000",,,"1,000","1,000","1,000",,
Lower middle income,Mongolia,5-30.,Food Change Yoy,"0,11","0,09","0,08","0,08","0,11","0,11","0,09","0,13","0,16","0,14","0,10","0,08","0,08","0,10","0,10","0,08",,"0,05","0,07",,,,"0,08",
Lower middle income,Mongolia,5-30.,Min. Bin,"1,000","1,000","1,000","1,000","1,000","1,000","1,000","1,000","1,000","1,000","1,000","1,000","1,000","1,000","1,000","1,000",,"1,000","1,000",,,,"1,000",
Lower middle income,Morocco,< 2.,Food Change Yoy,"-0,03","-0,02","-0,03","-0,02","-0,01","-0,01","-0,01","0,00","-0,01",,"-0,01","0,01","0,01","0,01",,,,,,,,,,
Lower middle income,Morocco,< 2.,Min. Bin,"1,000","1,000","1,000","1,000","1,000","1,000","1,000","1,000","1,000",,"1,000","1,000","1,000","1,000",,,,,,,,,,
Lower middle income,Morocco,No Value,Food Change Yoy,,,,,,,,,,,,,,,,,,,,,,,,
Lower middle income,Morocco,No Value,Min. Bin,,,,,,,,,,"1,000",,,,,,,,,,,,,,
Lower middle income,Myanmar,2-5.,Food Change Yoy,,,,,,,,,,,,,,,"0,05","0,04","0,03",,,,"0,02",,,
Lower middle income,Myanmar,2-5.,Min. Bin,,,,,,,,,,,,,,,"1,000","1,000","1,000",,,,"1,000",,,
Lower middle income,Myanmar,5-30.,Food Change Yoy,"0,07","0,08","0,09","0,10","0,11","0,12","0,10","0,10","0,09","0,08","0,07","0,08","0,07","0,06",,,,,,,,,,
Lower middle income,Myanmar,5-30.,Min. Bin,"1,000","1,000","1,000","1,000","1,000","1,000","1,000","1,000","1,000","1,000","1,000","1,000","1,000","1,000",,,,,,,,,,
Lower middle income,Myanmar,< 2.,Food Change Yoy,,,,,,,,,,,,,,,,,,"0,02","0,01","0,01",,"0,02","0,01",
Lower middle income,Myanmar,< 2.,Min. Bin,,,,,,,,,,,,,,,,,,"1,000","1,000","1,000",,"1,000","1,000",
Lower middle income,Nepal,2-5.,Food Change Yoy,"0,02","0,02","0,02","0,03","0,05",,,,,,,,,,,,,,,,,,,
Lower middle income,Nepal,2-5.,Min. Bin,"1,000","1,000","1,000","1,000","1,000",,,,,,,,,,,,,,,,,,,
Lower middle income,Nepal,5-30.,Food Change Yoy,,,,,,"0,07","0,06","0,09","0,07","0,08","0,09","0,11","0,11","0,10","0,09","0,10","0,09","0,05","0,06","0,05","0,08",,,
Lower middle income,Nepal,5-30.,Min. Bin,,,,,,"1,000","1,000","1,000","1,000","1,000","1,000","1,000","1,000","1,000","1,000","1,000","1,000","1,000","1,000","1,000","1,000",,,
Lower middle income,Nicaragua,2-5.,Food Change Yoy,,,"0,04","0,05","0,05","0,05",,,,,,,,,"0,04","0,04",,,,,,,,
Lower middle income,Nicaragua,2-5.,Min. Bin,,,"1,000","1,000","1,000","1,000",,,,,,,,,"1,000","1,000",,,,,,,,
Lower middle income,Nicaragua,5-30.,Food Change Yoy,,,,,,,"0,06","0,06","0,06","0,05","0,06","0,05","0,06","0,06",,,,,,,,,,
Lower middle income,Nicaragua,5-30.,Min. Bin,,,,,,,"1,000","1,000","1,000","1,000","1,000","1,000","1,000","1,000",,,,,,,,,,
Lower middle income,Nicaragua,< 2.,Food Change Yoy,"0,01","0,02",,,,,,,,,,,,,,,,,,,,,,
Lower middle income,Nicaragua,< 2.,Min. Bin,"1,000","1,000",,,,,,,,,,,,,,,,,,,,,,
Lower middle income,Nigeria,5-30.,Food Change Yoy,"0,13","0,13","0,13","0,14","0,14","0,13","0,13","0,13","0,13","0,14","0,14","0,15","0,15","0,15","0,15","0,15","0,15",,,,,,,
Lower middle income,Nigeria,5-30.,Min. Bin,"1,000","1,000","1,000","1,000","1,000","1,000","1,000","1,000","1,000","1,000","1,000","1,000","1,000","1,000","1,000","1,000","1,000",,,,,,,
Lower middle income,Pakistan,2-5.,Food Change Yoy,,"0,05",,,,,,,,,,,,,,,,,,,,,,
Lower middle income,Pakistan,2-5.,Min. Bin,,"1,000",,,,,,,,,,,,,,,,,,,,,,
Lower middle income,Pakistan,5-30.,Food Change Yoy,,,"0,08","0,09","0,09","0,08","0,08","0,11","0,15","0,15","0,20","0,20","0,23","0,19","0,15","0,12","0,12","0,15","0,18","0,13","0,15","0,17","0,15","0,13"
Lower middle income,Pakistan,5-30.,Min. Bin,,,"1,000","1,000","1,000","1,000","1,000","1,000","1,000","1,000","1,000","1,000","1,000","1,000","1,000","1,000","1,000","1,000","1,000","1,000","1,000","1,000","1,000","1,000"
Lower middle income,Pakistan,< 2.,Food Change Yoy,"0,02",,,,,,,,,,,,,,,,,,,,,,,
Lower middle income,Pakistan,< 2.,Min. Bin,"1,000",,,,,,,,,,,,,,,,,,,,,,,
Lower middle income,"Palestine, State of",2-5.,Food Change Yoy,"0,02",,"0,05",,"0,04",,,"0,04",,"0,03","0,03","0,03",,,,,,,,,,,,
Lower middle income,"Palestine, State of",2-5.,Min. Bin,"1,000",,"1,000",,"1,000",,,"1,000",,"1,000","1,000","1,000",,,,,,,,,,,,
Lower middle income,"Palestine, State of",5-30.,Food Change Yoy,,,,"0,07",,,,,"0,05",,,,,,,,,,,,,,,
Lower middle income,"Palestine, State of",5-30.,Min. Bin,,,,"1,000",,,,,"1,000",,,,,,,,,,,,,,,
Lower middle income,"Palestine, State of",< 2.,Food Change Yoy,,"0,02",,,,"0,01","0,01",,,,,,"0,00","0,01","0,00",,,,,,,,,
Lower middle income,"Palestine, State of",< 2.,Min. Bin,,"1,000",,,,"1,000","1,000",,,,,,"1,000","1,000","1,000",,,,,,,,,
Lower middle income,Philippines,2-5.,Food Change Yoy,,"0,05","0,03","0,03","0,03","0,03",,,,,,,"0,02","0,02","0,03",,,,,,,,,
Lower middle income,Philippines,2-5.,Min. Bin,,"1,000","1,000","1,000","1,000","1,000",,,,,,,"1,000","1,000","1,000",,,,,,,,,
Lower middle income,Philippines,5-30.,Food Change Yoy,"0,06",,,,,,,,,,,,,,,,,,,,,,,
Lower middle income,Philippines,5-30.,Min. Bin,"1,000",,,,,,,,,,,,,,,,,,,,,,,
Lower middle income,Philippines,< 2.,Food Change Yoy,,,,,,,"0,02","0,01","-0,01","-0,01",,"0,02",,,,,,,,,,,,
Lower middle income,Philippines,< 2.,Min. Bin,,,,,,,"1,000","1,000","1,000","1,000",,"1,000",,,,,,,,,,,,
Lower middle income,Philippines,No Value,Food Change Yoy,,,,,,,,,,,,,,,,,,,,,,,,
Lower middle income,Philippines,No Value,Min. Bin,,,,,,,,,,,"1,000",,,,,,,,,,,,,
Lower middle income,Sao Tome and Principe,5-30.,Food Change Yoy,"0,10","0,11","0,10","0,10","0,10","0,10","0,10","0,08",,,,,,,,,,,,,,,,
Lower middle income,Sao Tome and Principe,5-30.,Min. Bin,"1,000","1,000","1,000","1,000","1,000","1,000","1,000","1,000",,,,,,,,,,,,,,,,
Lower middle income,Senegal,2-5.,Food Change Yoy,,,,,"0,04",,"0,03",,,,"0,03",,,,"0,03","0,04","0,03","0,02","0,04","0,05","0,04","0,04","0,04",
Lower middle income,Senegal,2-5.,Min. Bin,,,,,"1,000",,"1,000",,,,"1,000",,,,"1,000","1,000","1,000","1,000","1,000","1,000","1,000","1,000","1,000",
Lower middle income,Senegal,5-30.,Food Change Yoy,,,,,,"0,08",,,,,,,,,,,,,,,,,,
Lower middle income,Senegal,5-30.,Min. Bin,,,,,,"1,000",,,,,,,,,,,,,,,,,,
Lower middle income,Senegal,< 2.,Food Change Yoy,"0,01","-0,01","0,01","0,01",,,,"0,00","0,00","0,02",,"0,00","0,02","0,01",,,,,,,,,,
Lower middle income,Senegal,< 2.,Min. Bin,"1,000","1,000","1,000","1,000",,,,"1,000","1,000","1,000",,"1,000","1,000","1,000",,,,,,,,,,
Lower middle income,Solomon Islands,2-5.,Food Change Yoy,,,,,,,,,,,"0,02",,,,,,,,,,,,,
Lower middle income,Solomon Islands,2-5.,Min. Bin,,,,,,,,,,,"1,000",,,,,,,,,,,,,
Lower middle income,Solomon Islands,< 2.,Food Change Yoy,"0,02","-0,01","-0,01","-0,04","-0,02","-0,02","0,00","-0,02","-0,01","0,02",,"0,02",,,,,,,,,,,,
Lower middle income,Solomon Islands,< 2.,Min. Bin,"1,000","1,000","1,000","1,000","1,000","1,000","1,000","1,000","1,000","1,000",,"1,000",,,,,,,,,,,,
Lower middle income,Sri Lanka,2-5.,Food Change Yoy,,,,,,,,,"0,05",,"0,04",,,,,,,,,,,,,
Lower middle income,Sri Lanka,2-5.,Min. Bin,,,,,,,,,"1,000",,"1,000",,,,,,,,,,,,,
Lower middle income,Sri Lanka,5-30.,Food Change Yoy,,,,,,,,,,"0,07",,,,,,,,,,,,,,
Lower middle income,Sri Lanka,5-30.,Min. Bin,,,,,,,,,,"1,000",,,,,,,,,,,,,,
Lower middle income,Sri Lanka,< 2.,Food Change Yoy,"-0,05","-0,03","-0,02","-0,01","0,00","-0,03","-0,02","0,01",,,,,,,,,,,,,,,,
Lower middle income,Sri Lanka,< 2.,Min. Bin,"1,000","1,000","1,000","1,000","1,000","1,000","1,000","1,000",,,,,,,,,,,,,,,,
Lower middle income,"Tanzania, United Republic of",2-5.,Food Change Yoy,,,,,"0,02","0,02","0,03","0,04","0,04",,,,,,,"0,05","0,04","0,04","0,04","0,04",,,,
Lower middle income,"Tanzania, United Republic of",2-5.,Min. Bin,,,,,"1,000","1,000","1,000","1,000","1,000",,,,,,,"1,000","1,000","1,000","1,000","1,000",,,,
Lower middle income,"Tanzania, United Republic of",5-30.,Food Change Yoy,,,,,,,,,,"0,05","0,06","0,06","0,06","0,06","0,05",,,,,,,,,
Lower middle income,"Tanzania, United Republic of",5-30.,Min. Bin,,,,,,,,,,"1,000","1,000","1,000","1,000","1,000","1,000",,,,,,,,,
Lower middle income,"Tanzania, United Republic of",< 2.,Food Change Yoy,"0,01","0,01","0,00","0,01",,,,,,,,,,,,,,,,,,,,
Lower middle income,"Tanzania, United Republic of",< 2.,Min. Bin,"1,000","1,000","1,000","1,000",,,,,,,,,,,,,,,,,,,,
Lower middle income,Timor-Leste,2-5.,Food Change Yoy,,,,,,,,,,,,,"0,02",,,,,,,,,,,
Lower middle income,Timor-Leste,2-5.,Min. Bin,,,,,,,,,,,,,"1,000",,,,,,,,,,,
Lower middle income,Timor-Leste,< 2.,Food Change Yoy,"0,01","0,01","0,01","0,01","0,01","0,01","0,01","0,01","0,02","0,01","0,00","0,02",,"0,00","0,00","0,01","0,01",,,,,,,
Lower middle income,Timor-Leste,< 2.,Min. Bin,"1,000","1,000","1,000","1,000","1,000","1,000","1,000","1,000","1,000","1,000","1,000","1,000",,"1,000","1,000","1,000","1,000",,,,,,,
Lower middle income,Tunisia,2-5.,Food Change Yoy,,,,,,,,,,,,,"0,04","0,04",,,,,,,,,,
Lower middle income,Tunisia,2-5.,Min. Bin,,,,,,,,,,,,,"1,000","1,000",,,,,,,,,,
Lower middle income,Tunisia,5-30.,Food Change Yoy,"0,07","0,08","0,08","0,07","0,07","0,06","0,06","0,07","0,07","0,07","0,06","0,06",,,"0,05",,,,,,,,,
Lower middle income,Tunisia,5-30.,Min. Bin,"1,000","1,000","1,000","1,000","1,000","1,000","1,000","1,000","1,000","1,000","1,000","1,000",,,"1,000",,,,,,,,,
Lower middle income,Ukraine,2-5.,Food Change Yoy,,,,,,,,,,,,"0,05","0,03",,,,,,,,,,,
Lower middle income,Ukraine,2-5.,Min. Bin,,,,,,,,,,,,"1,000","1,000",,,,,,,,,,,
Lower middle income,Ukraine,5-30.,Food Change Yoy,"0,08","0,08","0,07","0,07","0,09","0,09","0,10","0,10","0,09","0,08","0,07",,,,,,,,,,,,,
Lower middle income,Ukraine,5-30.,Min. Bin,"1,000","1,000","1,000","1,000","1,000","1,000","1,000","1,000","1,000","1,000","1,000",,,,,,,,,,,,,
Lower middle income,Ukraine,< 2.,Food Change Yoy,,,,,,,,,,,,,,"0,02",,,,,,,,,,
Lower middle income,Ukraine,< 2.,Min. Bin,,,,,,,,,,,,,,"1,000",,,,,,,,,,
Lower middle income,Viet Nam,2-5.,Food Change Yoy,,,"0,05","0,04","0,03","0,02","0,02",,,"0,03",,,,,,,,,,,,,,"0,03"
Lower middle income,Viet Nam,2-5.,Min. Bin,,,"1,000","1,000","1,000","1,000","1,000",,,"1,000",,,,,,,,,,,,,,"1,000"
Lower middle income,Viet Nam,5-30.,Food Change Yoy,"0,05","0,06",,,,,,,,,"0,06","0,09","0,11","0,09","0,10","0,12","0,12","0,12","0,12","0,12","0,11","0,09","0,07",
Lower middle income,Viet Nam,5-30.,Min. Bin,"1,000","1,000",,,,,,,,,"1,000","1,000","1,000","1,000","1,000","1,000","1,000","1,000","1,000","1,000","1,000","1,000","1,000",
Lower middle income,Viet Nam,< 2.,Food Change Yoy,,,,,,,,"0,02","0,02",,,,,,,,,,,,,,,
Lower middle income,Viet Nam,< 2.,Min. Bin,,,,,,,,"1,000","1,000",,,,,,,,,,,,,,,
Lower middle income,Zambia,5-30.,Food Change Yoy,"0,08","0,08","0,08","0,08","0,09","0,09","0,09","0,10","0,12","0,13","0,14","0,15","0,15","0,16","0,15","0,17","0,17","0,16","0,16","0,16","0,14","0,15","0,17","0,20"
Lower middle income,Zambia,5-30.,Min. Bin,"1,000","1,000","1,000","1,000","1,000","1,000","1,000","1,000","1,000","1,000","1,000","1,000","1,000","1,000","1,000","1,000","1,000","1,000","1,000","1,000","1,000","1,000","1,000","1,000"
Upper middle income,Albania,2-5.,Food Change Yoy,"0,04","0,04","0,02","0,03","0,03","0,03","0,03","0,02","0,02","0,03","0,03","0,03","0,02",,"0,05","0,04","0,05","0,04","0,03","0,03","0,04","0,05","0,04",
Upper middle income,Albania,2-5.,Min. Bin,"1,000","1,000","1,000","1,000","1,000","1,000","1,000","1,000","1,000","1,000","1,000","1,000","1,000",,"1,000","1,000","1,000","1,000","1,000","1,000","1,000","1,000","1,000",
Upper middle income,Albania,< 2.,Food Change Yoy,,,,,,,,,,,,,,"0,02",,,,,,,,,,
Upper middle income,Albania,< 2.,Min. Bin,,,,,,,,,,,,,,"1,000",,,,,,,,,,
Upper middle income,Argentina,>30,Food Change Yoy,"0,53","0,58","0,64","0,66","0,65","0,61","0,58","0,59","0,57","0,52","0,55","0,57","0,59","0,54","0,51","0,52","0,50","0,47","0,46","0,45","0,41",,,
Upper middle income,Argentina,>30,Min. Bin,"1,000","1,000","1,000","1,000","1,000","1,000","1,000","1,000","1,000","1,000","1,000","1,000","1,000","1,000","1,000","1,000","1,000","1,000","1,000","1,000","1,000",,,
Upper middle income,Armenia,2-5.,Food Change Yoy,,"0,03","0,03","0,04",,"0,05","0,03",,,,,,,,,,,"0,02",,,,,,
Upper middle income,Armenia,2-5.,Min. Bin,,"1,000","1,000","1,000",,"1,000","1,000",,,,,,,,,,,"1,000",,,,,,
Upper middle income,Armenia,5-30.,Food Change Yoy,,,,,"0,05",,,,,,,,,,,,,,,,,,,
Upper middle income,Armenia,5-30.,Min. Bin,,,,,"1,000",,,,,,,,,,,,,,,,,,,
Upper middle income,Armenia,< 2.,Food Change Yoy,"0,00",,,,,,,"0,00","-0,01","0,00","0,00","0,00","-0,02","-0,04","-0,03","0,00","0,01",,"0,01","0,02","0,01","0,01","0,01",
Upper middle income,Armenia,< 2.,Min. Bin,"1,000",,,,,,,"1,000","1,000","1,000","1,000","1,000","1,000","1,000","1,000","1,000","1,000",,"1,000","1,000","1,000","1,000","1,000",
Upper middle income,Azerbaijan,2-5.,Food Change Yoy,,,,"0,03","0,03","0,04",,"0,04","0,05","0,05","0,05","0,04","0,05","0,05",,,,"0,05","0,04","0,04","0,04","0,04","0,03",
Upper middle income,Azerbaijan,2-5.,Min. Bin,,,,"1,000","1,000","1,000",,"1,000","1,000","1,000","1,000","1,000","1,000","1,000",,,,"1,000","1,000","1,000","1,000","1,000","1,000",
Upper middle income,Azerbaijan,5-30.,Food Change Yoy,,,,,,,"0,05",,,,,,,,"0,06","0,06","0,05",,,,,,,
Upper middle income,Azerbaijan,5-30.,Min. Bin,,,,,,,"1,000",,,,,,,,"1,000","1,000","1,000",,,,,,,
Upper middle income,Azerbaijan,< 2.,Food Change Yoy,"0,00","0,01","0,02",,,,,,,,,,,,,,,,,,,,,
Upper middle income,Azerbaijan,< 2.,Min. Bin,"1,000","1,000","1,000",,,,,,,,,,,,,,,,,,,,,
Upper middle income,Belarus,2-5.,Food Change Yoy,,,,,,,,,,,,"0,04","0,04","0,03","0,03","0,04","0,04","0,05","0,04","0,04","0,05","0,04","0,05",
Upper middle income,Belarus,2-5.,Min. Bin,,,,,,,,,,,,"1,000","1,000","1,000","1,000","1,000","1,000","1,000","1,000","1,000","1,000","1,000","1,000",
Upper middle income,Belarus,5-30.,Food Change Yoy,"0,07","0,07","0,07","0,07","0,08","0,06","0,07","0,07","0,06","0,06","0,05",,,,,,,,,,,,,
Upper middle income,Belarus,5-30.,Min. Bin,"1,000","1,000","1,000","1,000","1,000","1,000","1,000","1,000","1,000","1,000","1,000",,,,,,,,,,,,,
Upper middle income,Belize,< 2.,Food Change Yoy,"0,00","0,00","0,00","0,00","0,00","0,01","0,01","0,01","0,01","0,01","0,00","0,01","0,00","0,00",,,,,,,,,,
Upper middle income,Belize,< 2.,Min. Bin,"1,000","1,000","1,000","1,000","1,000","1,000","1,000","1,000","1,000","1,000","1,000","1,000","1,000","1,000",,,,,,,,,,
Upper middle income,Bosnia and Herzegovina,< 2.,Food Change Yoy,"0,01","0,01","0,01","0,01","0,02","0,01","0,01","0,01","0,01","0,01","0,01","0,01","0,02","0,01","0,01","0,01","0,00","0,01","0,01","0,01","0,01","0,01","0,01",
Upper middle income,Bosnia and Herzegovina,< 2.,Min. Bin,"1,000","1,000","1,000","1,000","1,000","1,000","1,000","1,000","1,000","1,000","1,000","1,000","1,000","1,000","1,000","1,000","1,000","1,000","1,000","1,000","1,000","1,000","1,000",
Upper middle income,Botswana,2-5.,Food Change Yoy,,,,,,,,,"0,03","0,03","0,03","0,03","0,03","0,04","0,03","0,03","0,03",,,,,,,
Upper middle income,Botswana,2-5.,Min. Bin,,,,,,,,,"1,000","1,000","1,000","1,000","1,000","1,000","1,000","1,000","1,000",,,,,,,
Upper middle income,Botswana,< 2.,Food Change Yoy,"0,00","0,00","0,00","0,00","0,01","0,01","0,02","0,02",,,,,,,,,,,,,,,,
Upper middle income,Botswana,< 2.,Min. Bin,"1,000","1,000","1,000","1,000","1,000","1,000","1,000","1,000",,,,,,,,,,,,,,,,
Upper middle income,Bulgaria,2-5.,Food Change Yoy,"0,04",,,,,"0,05","0,05",,"0,04","0,05",,,,,,,,,,"0,04","0,04","0,04","0,03",
Upper middle income,Bulgaria,2-5.,Min. Bin,"1,000",,,,,"1,000","1,000",,"1,000","1,000",,,,,,,,,,"1,000","1,000","1,000","1,000",
Upper middle income,Bulgaria,5-30.,Food Change Yoy,,"0,05","0,06","0,06","0,06",,,"0,05",,,"0,06","0,07","0,08","0,07","0,07","0,07","0,06","0,07","0,06",,,,,
Upper middle income,Bulgaria,5-30.,Min. Bin,,"1,000","1,000","1,000","1,000",,,"1,000",,,"1,000","1,000","1,000","1,000","1,000","1,000","1,000","1,000","1,000",,,,,
Upper middle income,Colombia,2-5.,Food Change Yoy,"0,02","0,02","0,03","0,03","0,04","0,05",,,,,,,,,,,,,,"0,05","0,04","0,04","0,04",
Upper middle income,Colombia,2-5.,Min. Bin,"1,000","1,000","1,000","1,000","1,000","1,000",,,,,,,,,,,,,,"1,000","1,000","1,000","1,000",
Upper middle income,Colombia,5-30.,Food Change Yoy,,,,,,,"0,07","0,06","0,06","0,07","0,06","0,06","0,05","0,06","0,07","0,08","0,08","0,07","0,05",,,,,
Upper middle income,Colombia,5-30.,Min. Bin,,,,,,,"1,000","1,000","1,000","1,000","1,000","1,000","1,000","1,000","1,000","1,000","1,000","1,000","1,000",,,,,
Upper middle income,Costa Rica,2-5.,Food Change Yoy,,,,,,,"0,03","0,02",,,,,,,,,,,,,,,,
Upper middle income,Costa Rica,2-5.,Min. Bin,,,,,,,"1,000","1,000",,,,,,,,,,,,,,,,
Upper middle income,Costa Rica,< 2.,Food Change Yoy,"-0,01","-0,01","-0,01","0,00","0,01","0,02",,,"0,02","0,02","0,02","0,00","0,00","0,01","0,02","0,01","0,00","-0,01","-0,01","0,00","0,00","0,00","0,01",
Upper middle income,Costa Rica,< 2.,Min. Bin,"1,000","1,000","1,000","1,000","1,000","1,000",,,"1,000","1,000","1,000","1,000","1,000","1,000","1,000","1,000","1,000","1,000","1,000","1,000","1,000","1,000","1,000",
Upper middle income,Dominica,2-5.,Food Change Yoy,,,"0,03",,,,"0,02",,"0,03","0,02",,,,,,,,,,,,,,
Upper middle income,Dominica,2-5.,Min. Bin,,,"1,000",,,,"1,000",,"1,000","1,000",,,,,,,,,,,,,,
Upper middle income,Dominica,< 2.,Food Change Yoy,"0,02","0,02",,"0,02","0,01","0,01",,"0,02",,,"0,02","0,02","0,01","0,01","0,01","0,01","0,01","0,01",,,,,,
Upper middle income,Dominica,< 2.,Min. Bin,"1,000","1,000",,"1,000","1,000","1,000",,"1,000",,,"1,000","1,000","1,000","1,000","1,000","1,000","1,000","1,000",,,,,,
Upper middle income,Dominican Republic,2-5.,Food Change Yoy,,,,,,,"0,04",,,,,,,,,"0,05","0,03","0,04",,,,,,
Upper middle income,Dominican Republic,2-5.,Min. Bin,,,,,,,"1,000",,,,,,,,,"1,000","1,000","1,000",,,,,,
Upper middle income,Dominican Republic,5-30.,Food Change Yoy,,,,,,,,"0,05","0,07","0,08","0,08","0,07","0,08","0,07","0,06",,,,"0,06","0,06","0,06","0,07","0,08",
Upper middle income,Dominican Republic,5-30.,Min. Bin,,,,,,,,"1,000","1,000","1,000","1,000","1,000","1,000","1,000","1,000",,,,"1,000","1,000","1,000","1,000","1,000",
Upper middle income,Dominican Republic,< 2.,Food Change Yoy,"0,00","0,01","0,01","0,01","0,02","0,02",,,,,,,,,,,,,,,,,,
Upper middle income,Dominican Republic,< 2.,Min. Bin,"1,000","1,000","1,000","1,000","1,000","1,000",,,,,,,,,,,,,,,,,,
Upper middle income,Ecuador,2-5.,Food Change Yoy,,,,,,,,,,,,,,,,"0,05","0,03","0,03",,,,,,
Upper middle income,Ecuador,2-5.,Min. Bin,,,,,,,,,,,,,,,,"1,000","1,000","1,000",,,,,,
Upper middle income,Ecuador,< 2.,Food Change Yoy,"0,00","0,00","-0,01","0,00","0,00","0,01","0,01","0,00","0,00","0,01","0,00","-0,01","-0,01","-0,01","0,00",,,,"0,01","0,00",,,,
Upper middle income,Ecuador,< 2.,Min. Bin,"1,000","1,000","1,000","1,000","1,000","1,000","1,000","1,000","1,000","1,000","1,000","1,000","1,000","1,000","1,000",,,,"1,000","1,000",,,,
Upper middle income,Equatorial Guinea,2-5.,Food Change Yoy,"0,02","0,03","0,03",,,,,,,,"0,02","0,03","0,04","0,03","0,04",,,,,,,,,
Upper middle income,Equatorial Guinea,2-5.,Min. Bin,"1,000","1,000","1,000",,,,,,,,"1,000","1,000","1,000","1,000","1,000",,,,,,,,,
Upper middle income,Equatorial Guinea,5-30.,Food Change Yoy,,,,,,,,,,,,,,,,"0,07","0,08","0,09",,,,,,
Upper middle income,Equatorial Guinea,5-30.,Min. Bin,,,,,,,,,,,,,,,,"1,000","1,000","1,000",,,,,,
Upper middle income,Equatorial Guinea,< 2.,Food Change Yoy,,,,"0,00","-0,01","-0,02","-0,03","-0,01","-0,03","0,01",,,,,,,,,,,,,,
Upper middle income,Equatorial Guinea,< 2.,Min. Bin,,,,"1,000","1,000","1,000","1,000","1,000","1,000","1,000",,,,,,,,,,,,,,
Upper middle income,Fiji,2-5.,Food Change Yoy,,,,,"0,05",,"0,03",,"0,03",,"0,03","0,03",,,,,,,,,,,,
Upper middle income,Fiji,2-5.,Min. Bin,,,,,"1,000",,"1,000",,"1,000",,"1,000","1,000",,,,,,,,,,,,
Upper middle income,Fiji,5-30.,Food Change Yoy,"0,08","0,10","0,08",,,"0,07",,"0,06",,,,,,,,,,,,,,,,
Upper middle income,Fiji,5-30.,Min. Bin,"1,000","1,000","1,000",,,"1,000",,"1,000",,,,,,,,,,,,,,,,
Upper middle income,Fiji,< 2.,Food Change Yoy,,,,"0,02",,,,,,"0,01",,,"-0,01","-0,06","-0,06","-0,01","-0,01","-0,06","0,01","-0,03","-0,02","-0,02",,
Upper middle income,Fiji,< 2.,Min. Bin,,,,"1,000",,,,,,"1,000",,,"1,000","1,000","1,000","1,000","1,000","1,000","1,000","1,000","1,000","1,000",,
Upper middle income,Gabon,2-5.,Food Change Yoy,,"0,05","0,05","0,04","0,03","0,02",,,,"0,02",,"0,02",,,,"0,02",,,"0,03","0,02","0,03",,,
Upper middle income,Gabon,2-5.,Min. Bin,,"1,000","1,000","1,000","1,000","1,000",,,,"1,000",,"1,000",,,,"1,000",,,"1,000","1,000","1,000",,,
Upper middle income,Gabon,5-30.,Food Change Yoy,"0,07",,,,,,,,,,,,,,,,,,,,,,,
Upper middle income,Gabon,5-30.,Min. Bin,"1,000",,,,,,,,,,,,,,,,,,,,,,,
Upper middle income,Gabon,< 2.,Food Change Yoy,,,,,,,"0,02","0,02","0,02",,"0,01",,"0,02","0,02","0,01",,"0,02","0,02",,,,"0,02",,
Upper middle income,Gabon,< 2.,Min. Bin,,,,,,,"1,000","1,000","1,000",,"1,000",,"1,000","1,000","1,000",,"1,000","1,000",,,,"1,000",,
Upper middle income,Georgia,2-5.,Food Change Yoy,"0,03","0,03","0,05",,,,,,,,,,,,,,,,,,,,,
Upper middle income,Georgia,2-5.,Min. Bin,"1,000","1,000","1,000",,,,,,,,,,,,,,,,,,,,,
Upper middle income,Georgia,5-30.,Food Change Yoy,,,,"0,06","0,08","0,06","0,08","0,08","0,12","0,14","0,13","0,12","0,11","0,13","0,13","0,16","0,15","0,14","0,12","0,09","0,06","0,05","0,06",
Upper middle income,Georgia,5-30.,Min. Bin,,,,"1,000","1,000","1,000","1,000","1,000","1,000","1,000","1,000","1,000","1,000","1,000","1,000","1,000","1,000","1,000","1,000","1,000","1,000","1,000","1,000",
Upper middle income,Grenada,< 2.,Food Change Yoy,"0,00","0,00","0,00","0,00","0,01","0,00","0,00","0,00","0,00","0,01","0,01","0,01","0,01","0,01","0,01","0,01","0,01","0,01",,,,,,
Upper middle income,Grenada,< 2.,Min. Bin,"1,000","1,000","1,000","1,000","1,000","1,000","1,000","1,000","1,000","1,000","1,000","1,000","1,000","1,000","1,000","1,000","1,000","1,000",,,,,,
Upper middle income,Guatemala,2-5.,Food Change Yoy,,,,,,,,,"0,03","0,04",,,,,,,,,,,,,,
Upper middle income,Guatemala,2-5.,Min. Bin,,,,,,,,,"1,000","1,000",,,,,,,,,,,,,,
Upper middle income,Guatemala,5-30.,Food Change Yoy,"0,10","0,11","0,10","0,11","0,10","0,10","0,09","0,06",,,"0,05","0,06",,,,,,,,,,,,
Upper middle income,Guatemala,5-30.,Min. Bin,"1,000","1,000","1,000","1,000","1,000","1,000","1,000","1,000",,,"1,000","1,000",,,,,,,,,,,,
Upper middle income,Guatemala,< 2.,Food Change Yoy,,,,,,,,,,,,,"0,01","0,01",,,,,,,,,,
Upper middle income,Guatemala,< 2.,Min. Bin,,,,,,,,,,,,,"1,000","1,000",,,,,,,,,,
Upper middle income,"Iran, Islamic Republic of",5-30.,Food Change Yoy,,,,,,,,,,,"0,30","0,29","0,24","0,20",,,,,,,,,,
Upper middle income,"Iran, Islamic Republic of",5-30.,Min. Bin,,,,,,,,,,,"1,000","1,000","1,000","1,000",,,,,,,,,,
Upper middle income,"Iran, Islamic Republic of",>30,Food Change Yoy,"0,56","0,63","0,73","0,84","0,82","0,74","0,72","0,59","0,46","0,34",,,,,,,,,,,,,,
Upper middle income,"Iran, Islamic Republic of",>30,Min. Bin,"1,000","1,000","1,000","1,000","1,000","1,000","1,000","1,000","1,000","1,000",,,,,,,,,,,,,,
Upper middle income,Iraq,2-5.,Food Change Yoy,,,"0,03",,,,,,,,,,,,,,,,,,,,,
Upper middle income,Iraq,2-5.,Min. Bin,,,"1,000",,,,,,,,,,,,,,,,,,,,,
Upper middle income,Iraq,< 2.,Food Change Yoy,"0,02","0,01",,"0,01","0,00","0,00","-0,01","0,00","-0,01","-0,02","-0,02","-0,01","-0,01","0,00","0,00","0,02","0,00","-0,02","-0,02","-0,01","0,00","0,00","-0,01",
Upper middle income,Iraq,< 2.,Min. Bin,"1,000","1,000",,"1,000","1,000","1,000","1,000","1,000","1,000","1,000","1,000","1,000","1,000","1,000","1,000","1,000","1,000","1,000","1,000","1,000","1,000","1,000","1,000",
Upper middle income,Jamaica,2-5.,Food Change Yoy,"0,02","0,03",,,,,,,,,,,,,,,,,,,,,,
Upper middle income,Jamaica,2-5.,Min. Bin,"1,000","1,000",,,,,,,,,,,,,,,,,,,,,,
Upper middle income,Jamaica,5-30.,Food Change Yoy,,,"0,05","0,06","0,06","0,06","0,08","0,07","0,07","0,06","0,09","0,11","0,10","0,08","0,07",,,,,,,,,
Upper middle income,Jamaica,5-30.,Min. Bin,,,"1,000","1,000","1,000","1,000","1,000","1,000","1,000","1,000","1,000","1,000","1,000","1,000","1,000",,,,,,,,,
Upper middle income,Jordan,2-5.,Food Change Yoy,"0,03",,,,,,,,,,,,,,,,,,,,,,,
Upper middle income,Jordan,2-5.,Min. Bin,"1,000",,,,,,,,,,,,,,,,,,,,,,,
Upper middle income,Jordan,< 2.,Food Change Yoy,,"0,00","0,00","0,00","0,01","0,00","0,00","0,00","0,00","0,00","-0,01","0,00","0,02",,,,,,,,,,,
Upper middle income,Jordan,< 2.,Min. Bin,,"1,000","1,000","1,000","1,000","1,000","1,000","1,000","1,000","1,000","1,000","1,000","1,000",,,,,,,,,,,
Upper middle income,"Kosovo, Republic of",2-5.,Food Change Yoy,,,,,,,,,"0,05","0,04","0,03","0,02",,,,"0,02","0,03","0,02",,,,,,
Upper middle income,"Kosovo, Republic of",2-5.,Min. Bin,,,,,,,,,"1,000","1,000","1,000","1,000",,,,"1,000","1,000","1,000",,,,,,
Upper middle income,"Kosovo, Republic of",5-30.,Food Change Yoy,"0,06","0,06","0,07","0,07","0,07","0,06","0,05","0,06",,,,,,,,,,,,,,,,
Upper middle income,"Kosovo, Republic of",5-30.,Min. Bin,"1,000","1,000","1,000","1,000","1,000","1,000","1,000","1,000",,,,,,,,,,,,,,,,
Upper middle income,"Kosovo, Republic of",< 2.,Food Change Yoy,,,,,,,,,,,,,"0,02","0,01","0,02",,,,"0,02","0,01","0,01","0,02","0,02",
Upper middle income,"Kosovo, Republic of",< 2.,Min. Bin,,,,,,,,,,,,,"1,000","1,000","1,000",,,,"1,000","1,000","1,000","1,000","1,000",
Upper middle income,Lebanon,2-5.,Food Change Yoy,,,,,"0,04","0,02",,,,,,,,,,,,,,,,,,
Upper middle income,Lebanon,2-5.,Min. Bin,,,,,"1,000","1,000",,,,,,,,,,,,,,,,,,
Upper middle income,Lebanon,5-30.,Food Change Yoy,"0,08","0,07","0,07","0,06",,,,,,,"0,05","0,10","0,14",,,,,,,,,,,
Upper middle income,Lebanon,5-30.,Min. Bin,"1,000","1,000","1,000","1,000",,,,,,,"1,000","1,000","1,000",,,,,,,,,,,
Upper middle income,Lebanon,< 2.,Food Change Yoy,,,,,,,"0,01","0,01","0,00","0,01",,,,,,,,,,,,,,
Upper middle income,Lebanon,< 2.,Min. Bin,,,,,,,"1,000","1,000","1,000","1,000",,,,,,,,,,,,,,
Upper middle income,Malaysia,2-5.,Food Change Yoy,,,,,,"0,02","0,02","0,03","0,02",,,,,,,,,,,,,,,
Upper middle income,Malaysia,2-5.,Min. Bin,,,,,,"1,000","1,000","1,000","1,000",,,,,,,,,,,,,,,
Upper middle income,Malaysia,< 2.,Food Change Yoy,"0,01","0,01","0,01","0,01","0,01",,,,,"0,02","0,02","0,02","0,01","0,01","0,01",,,,,,,,,
Upper middle income,Malaysia,< 2.,Min. Bin,"1,000","1,000","1,000","1,000","1,000",,,,,"1,000","1,000","1,000","1,000","1,000","1,000",,,,,,,,,
Upper middle income,Mexico,2-5.,Food Change Yoy,,"0,04","0,04","0,05",,,,"0,04","0,04","0,04","0,04","0,03","0,03",,,,,,,,,,,
Upper middle income,Mexico,2-5.,Min. Bin,,"1,000","1,000","1,000",,,,"1,000","1,000","1,000","1,000","1,000","1,000",,,,,,,,,,,
Upper middle income,Mexico,5-30.,Food Change Yoy,"0,05",,,,"0,05","0,06","0,05",,,,,,,"0,06","0,07","0,07","0,08","0,07","0,06","0,07","0,08","0,08","0,07","0,06"
Upper middle income,Mexico,5-30.,Min. Bin,"1,000",,,,"1,000","1,000","1,000",,,,,,,"1,000","1,000","1,000","1,000","1,000","1,000","1,000","1,000","1,000","1,000","1,000"
Upper middle income,Montenegro,2-5.,Food Change Yoy,"0,02","0,03","0,04","0,04","0,04","0,03","0,03","0,03","0,03","0,03","0,03","0,03","0,03","0,02",,,,,,,,,,
Upper middle income,Montenegro,2-5.,Min. Bin,"1,000","1,000","1,000","1,000","1,000","1,000","1,000","1,000","1,000","1,000","1,000","1,000","1,000","1,000",,,,,,,,,,
Upper middle income,Montenegro,< 2.,Food Change Yoy,,,,,,,,,,,,,,,"0,02","0,01","0,01","0,02","0,01","0,01","0,02","0,02","0,01",
Upper middle income,Montenegro,< 2.,Min. Bin,,,,,,,,,,,,,,,"1,000","1,000","1,000","1,000","1,000","1,000","1,000","1,000","1,000",
Upper middle income,Namibia,2-5.,Food Change Yoy,,,,,"0,04","0,04","0,03","0,04","0,04","0,04","0,03",,"0,02","0,03","0,03","0,04","0,05","0,05",,,,,,
Upper middle income,Namibia,2-5.,Min. Bin,,,,,"1,000","1,000","1,000","1,000","1,000","1,000","1,000",,"1,000","1,000","1,000","1,000","1,000","1,000",,,,,,
Upper middle income,Namibia,5-30.,Food Change Yoy,"0,06","0,06","0,06","0,05",,,,,,,,,,,,,,,"0,06","0,07","0,07","0,07","0,07",
Upper middle income,Namibia,5-30.,Min. Bin,"1,000","1,000","1,000","1,000",,,,,,,,,,,,,,,"1,000","1,000","1,000","1,000","1,000",
Upper middle income,Namibia,< 2.,Food Change Yoy,,,,,,,,,,,,"0,02",,,,,,,,,,,,
Upper middle income,Namibia,< 2.,Min. Bin,,,,,,,,,,,,"1,000",,,,,,,,,,,,
Upper middle income,"North Macedonia, Republic of",2-5.,Food Change Yoy,"0,02","0,02","0,03","0,03","0,02",,,,,,,,,,,,,,,,,,,
Upper middle income,"North Macedonia, Republic of",2-5.,Min. Bin,"1,000","1,000","1,000","1,000","1,000",,,,,,,,,,,,,,,,,,,
Upper middle income,"North Macedonia, Republic of",5-30.,Food Change Yoy,,,,,,,,,,,,,,,,,,"0,06",,,,,,
Upper middle income,"North Macedonia, Republic of",5-30.,Min. Bin,,,,,,,,,,,,,,,,,,"1,000",,,,,,
Upper middle income,"North Macedonia, Republic of",< 2.,Food Change Yoy,,,,,,,"0,01","0,02","0,01","0,01","0,01","0,01","0,00","0,00","0,01","0,01","0,01",,,,,,,
Upper middle income,"North Macedonia, Republic of",< 2.,Min. Bin,,,,,,,"1,000","1,000","1,000","1,000","1,000","1,000","1,000","1,000","1,000","1,000","1,000",,,,,,,
Upper middle income,"North Macedonia, Republic of",No Value,Food Change Yoy,,,,,,,,,,,,,,,,,,,,,,,,
Upper middle income,"North Macedonia, Republic of",No Value,Min. Bin,,,,,,"1,000",,,,,,,,,,,,,,,,,,
Upper middle income,Paraguay,2-5.,Food Change Yoy,,,,,"0,02",,,,,,,"0,04","0,02",,"0,02",,,,,,,,"0,03","0,03"
Upper middle income,Paraguay,2-5.,Min. Bin,,,,,"1,000",,,,,,,"1,000","1,000",,"1,000",,,,,,,,"1,000","1,000"
Upper middle income,Paraguay,< 2.,Food Change Yoy,"-0,01","0,01","0,01","0,01",,"0,01","0,02","0,01","0,01","0,02","0,00",,,"0,01",,"0,02","-0,01","-0,01","-0,01","0,01","0,01","0,02",,
Upper middle income,Paraguay,< 2.,Min. Bin,"1,000","1,000","1,000","1,000",,"1,000","1,000","1,000","1,000","1,000","1,000",,,"1,000",,"1,000","1,000","1,000","1,000","1,000","1,000","1,000",,
Upper middle income,Russian Federation,2-5.,Food Change Yoy,,,,,,,,,,"0,05","0,04","0,03","0,02",,"0,02","0,04","0,04","0,04","0,05","0,05","0,05",,,
Upper middle income,Russian Federation,2-5.,Min. Bin,,,,,,,,,,"1,000","1,000","1,000","1,000",,"1,000","1,000","1,000","1,000","1,000","1,000","1,000",,,
Upper middle income,Russian Federation,5-30.,Food Change Yoy,"0,06","0,07","0,07","0,07","0,07","0,06","0,06","0,06","0,05",,,,,,,,,,,,,"0,05",,
Upper middle income,Russian Federation,5-30.,Min. Bin,"1,000","1,000","1,000","1,000","1,000","1,000","1,000","1,000","1,000",,,,,,,,,,,,,"1,000",,
Upper middle income,Russian Federation,< 2.,Food Change Yoy,,,,,,,,,,,,,,"0,02",,,,,,,,,,
Upper middle income,Russian Federation,< 2.,Min. Bin,,,,,,,,,,,,,,"1,000",,,,,,,,,,
Upper middle income,Saint Lucia,2-5.,Food Change Yoy,"0,04","0,04","0,04","0,03","0,03",,,,"0,02",,,,,,,,,,,,,,,
Upper middle income,Saint Lucia,2-5.,Min. Bin,"1,000","1,000","1,000","1,000","1,000",,,,"1,000",,,,,,,,,,,,,,,
Upper middle income,Saint Lucia,< 2.,Food Change Yoy,,,,,,"0,01","0,01","0,02",,"0,01","0,01","0,01","-0,03","-0,03","-0,03","-0,02","-0,01","-0,01",,,,,,
Upper middle income,Saint Lucia,< 2.,Min. Bin,,,,,,"1,000","1,000","1,000",,"1,000","1,000","1,000","1,000","1,000","1,000","1,000","1,000","1,000",,,,,,
Upper middle income,Saint Vincent and the Grenadines,2-5.,Food Change Yoy,,,,,,,,,,,,,,,"0,02",,,,,,,,,
Upper middle income,Saint Vincent and the Grenadines,2-5.,Min. Bin,,,,,,,,,,,,,,,"1,000",,,,,,,,,
Upper middle income,Saint Vincent and the Grenadines,< 2.,Food Change Yoy,"0,00","0,00","0,00","-0,01","0,00","0,00","0,01","0,01","0,02","0,01","0,01","0,01","0,01","0,02",,"0,02","0,02","0,01",,,,,,
Upper middle income,Saint Vincent and the Grenadines,< 2.,Min. Bin,"1,000","1,000","1,000","1,000","1,000","1,000","1,000","1,000","1,000","1,000","1,000","1,000","1,000","1,000",,"1,000","1,000","1,000",,,,,,
Upper middle income,Samoa,2-5.,Food Change Yoy,,,"0,04","0,02",,,,,,,"0,05","0,05",,,,"0,03",,,,,,,,
Upper middle income,Samoa,2-5.,Min. Bin,,,"1,000","1,000",,,,,,,"1,000","1,000",,,,"1,000",,,,,,,,
Upper middle income,Samoa,5-30.,Food Change Yoy,,,,,,,,,,,,,"0,06","0,06","0,05",,,,,,,,,
Upper middle income,Samoa,5-30.,Min. Bin,,,,,,,,,,,,,"1,000","1,000","1,000",,,,,,,,,
Upper middle income,Samoa,< 2.,Food Change Yoy,"-0,02","0,00",,,"0,00","-0,04","-0,02","0,00","0,02","0,02",,,,,,,"-0,01","-0,01","-0,01","-0,02","-0,06","-0,09",,
Upper middle income,Samoa,< 2.,Min. Bin,"1,000","1,000",,,"1,000","1,000","1,000","1,000","1,000","1,000",,,,,,,"1,000","1,000","1,000","1,000","1,000","1,000",,
Upper middle income,Serbia,2-5.,Food Change Yoy,"0,03","0,04","0,05",,"0,03",,"0,02",,,,"0,02","0,02","0,02",,,,"0,02","0,04","0,04","0,03","0,03","0,03","0,03",
Upper middle income,Serbia,2-5.,Min. Bin,"1,000","1,000","1,000",,"1,000",,"1,000",,,,"1,000","1,000","1,000",,,,"1,000","1,000","1,000","1,000","1,000","1,000","1,000",
Upper middle income,Serbia,5-30.,Food Change Yoy,,,,"0,06",,,,,,,,,,,,,,,,,,,,
Upper middle income,Serbia,5-30.,Min. Bin,,,,"1,000",,,,,,,,,,,,,,,,,,,,
Upper middle income,Serbia,< 2.,Food Change Yoy,,,,,,"0,01",,"0,01","0,01","0,01",,,,"0,02","0,00","0,00",,,,,,,,
Upper middle income,Serbia,< 2.,Min. Bin,,,,,,"1,000",,"1,000","1,000","1,000",,,,"1,000","1,000","1,000",,,,,,,,
Upper middle income,South Africa,2-5.,Food Change Yoy,"0,03","0,03","0,03","0,03","0,03","0,04","0,03","0,04","0,04","0,04","0,04","0,04","0,04","0,04","0,04","0,04","0,04","0,04","0,04","0,04","0,04",,,
Upper middle income,South Africa,2-5.,Min. Bin,"1,000","1,000","1,000","1,000","1,000","1,000","1,000","1,000","1,000","1,000","1,000","1,000","1,000","1,000","1,000","1,000","1,000","1,000","1,000","1,000","1,000",,,
Upper middle income,South Africa,5-30.,Food Change Yoy,,,,,,,,,,,,,,,,,,,,,,"0,05","0,05",
Upper middle income,South Africa,5-30.,Min. Bin,,,,,,,,,,,,,,,,,,,,,,"1,000","1,000",
Upper middle income,Suriname,2-5.,Food Change Yoy,,,,,,,,"0,05",,,,"0,05",,,,,,,,,,,,
Upper middle income,Suriname,2-5.,Min. Bin,,,,,,,,"1,000",,,,"1,000",,,,,,,,,,,,
Upper middle income,Suriname,5-30.,Food Change Yoy,"0,07","0,07","0,06","0,06","0,06","0,06","0,05",,"0,05","0,05","0,05",,"0,05","0,08",,,,,,,,,,
Upper middle income,Suriname,5-30.,Min. Bin,"1,000","1,000","1,000","1,000","1,000","1,000","1,000",,"1,000","1,000","1,000",,"1,000","1,000",,,,,,,,,,
Upper middle income,Thailand,2-5.,Food Change Yoy,,,"0,02","0,02","0,03","0,03","0,03","0,03","0,02","0,02",,,,"0,02",,,,,,,,,,
Upper middle income,Thailand,2-5.,Min. Bin,,,"1,000","1,000","1,000","1,000","1,000","1,000","1,000","1,000",,,,"1,000",,,,,,,,,,
Upper middle income,Thailand,< 2.,Food Change Yoy,"0,01","0,02",,,,,,,,,"0,02","0,02","0,02",,"0,02","0,01","0,00","0,00","0,01","0,02","0,01","0,02","0,02","0,01"
Upper middle income,Thailand,< 2.,Min. Bin,"1,000","1,000",,,,,,,,,"1,000","1,000","1,000",,"1,000","1,000","1,000","1,000","1,000","1,000","1,000","1,000","1,000","1,000"
Upper middle income,Turkey,5-30.,Food Change Yoy,,"0,29","0,30",,"0,28","0,19","0,18","0,17","0,10","0,08","0,09","0,11","0,09","0,11","0,10","0,11","0,13","0,13","0,13","0,14","0,15","0,17",,
Upper middle income,Turkey,5-30.,Min. Bin,,"1,000","1,000",,"1,000","1,000","1,000","1,000","1,000","1,000","1,000","1,000","1,000","1,000","1,000","1,000","1,000","1,000","1,000","1,000","1,000","1,000",,
Upper middle income,Turkey,>30,Food Change Yoy,"0,31",,,"0,32",,,,,,,,,,,,,,,,,,,,
Upper middle income,Turkey,>30,Min. Bin,"1,000",,,"1,000",,,,,,,,,,,,,,,,,,,,
High income,Antigua and Barbuda,2-5.,Food Change Yoy,,"0,02",,"0,02",,"0,02",,,"0,02",,,,"0,03","0,04","0,04","0,03","0,02",,,,,,,
High income,Antigua and Barbuda,2-5.,Min. Bin,,"1,000",,"1,000",,"1,000",,,"1,000",,,,"1,000","1,000","1,000","1,000","1,000",,,,,,,
High income,Antigua and Barbuda,< 2.,Food Change Yoy,,,"0,01",,"0,01",,"0,01","0,01",,"0,01","0,01","0,01",,,,,,"0,01",,,,,,
High income,Antigua and Barbuda,< 2.,Min. Bin,,,"1,000",,"1,000",,"1,000","1,000",,"1,000","1,000","1,000",,,,,,"1,000",,,,,,
High income,Antigua and Barbuda,No Value,Food Change Yoy,,,,,,,,,,,,,,,,,,,,,,,,
High income,Antigua and Barbuda,No Value,Min. Bin,"1,000",,,,,,,,,,,,,,,,,,,,,,,
High income,Aruba,5-30.,Food Change Yoy,"0,14","0,07","0,11","0,12","0,13","0,15","0,14","0,16","0,15","0,15","0,12","0,11","0,11","0,11",,,,,,,,,,
High income,Aruba,5-30.,Min. Bin,"1,000","1,000","1,000","1,000","1,000","1,000","1,000","1,000","1,000","1,000","1,000","1,000","1,000","1,000",,,,,,,,,,
High income,Austria,2-5.,Food Change Yoy,,,,,,,,,,,,,,,,"0,03",,"0,03","0,03","0,02","0,03","0,03","0,03",
High income,Austria,2-5.,Min. Bin,,,,,,,,,,,,,,,,"1,000",,"1,000","1,000","1,000","1,000","1,000","1,000",
High income,Austria,< 2.,Food Change Yoy,"0,01","0,01","0,02","0,01","0,01","0,01","0,01","0,02","0,01","0,01","0,00","0,01","0,01","0,02","0,02",,"0,01",,,,,,,
High income,Austria,< 2.,Min. Bin,"1,000","1,000","1,000","1,000","1,000","1,000","1,000","1,000","1,000","1,000","1,000","1,000","1,000","1,000","1,000",,"1,000",,,,,,,
High income,Bahamas,2-5.,Food Change Yoy,"0,03",,"0,02",,,,,,,,,,,,,,,"0,02","0,02","0,02","0,02",,,
High income,Bahamas,2-5.,Min. Bin,"1,000",,"1,000",,,,,,,,,,,,,,,"1,000","1,000","1,000","1,000",,,
High income,Bahamas,< 2.,Food Change Yoy,,"0,01",,"0,02","0,01","0,00","-0,04","-0,02","0,00","0,01","0,00","-0,01","-0,01","0,02","0,02","-0,03","0,02",,,,,,,
High income,Bahamas,< 2.,Min. Bin,,"1,000",,"1,000","1,000","1,000","1,000","1,000","1,000","1,000","1,000","1,000","1,000","1,000","1,000","1,000","1,000",,,,,,,
High income,Bahrain,2-5.,Food Change Yoy,,,"0,02","0,02",,,"0,02",,"0,05","0,04","0,03","0,03",,"0,02","0,04","0,03",,,"0,03","0,04",,,,
High income,Bahrain,2-5.,Min. Bin,,,"1,000","1,000",,,"1,000",,"1,000","1,000","1,000","1,000",,"1,000","1,000","1,000",,,"1,000","1,000",,,,
High income,Bahrain,5-30.,Food Change Yoy,,,,,,,,"0,05",,,,,,,,,"0,05","0,07",,,,,,
High income,Bahrain,5-30.,Min. Bin,,,,,,,,"1,000",,,,,,,,,"1,000","1,000",,,,,,
High income,Bahrain,< 2.,Food Change Yoy,"0,01","0,01",,,"0,01","-0,01",,,,,,,"0,00",,,,,,,,,,,
High income,Bahrain,< 2.,Min. Bin,"1,000","1,000",,,"1,000","1,000",,,,,,,"1,000",,,,,,,,,,,
High income,Barbados,2-5.,Food Change Yoy,,,"0,03","0,03","0,02","0,03","0,04",,,,,,,,,,,,,,,,,
High income,Barbados,2-5.,Min. Bin,,,"1,000","1,000","1,000","1,000","1,000",,,,,,,,,,,,,,,,,
High income,Barbados,5-30.,Food Change Yoy,,,,,,,,"0,09","0,12","0,12","0,12","0,12","0,12",,,,,,,,,,,
High income,Barbados,5-30.,Min. Bin,,,,,,,,"1,000","1,000","1,000","1,000","1,000","1,000",,,,,,,,,,,
High income,Barbados,< 2.,Food Change Yoy,"-0,01","0,00",,,,,,,,,,,,,,,,,,,,,,
High income,Barbados,< 2.,Min. Bin,"1,000","1,000",,,,,,,,,,,,,,,,,,,,,,
High income,Belgium,2-5.,Food Change Yoy,,,,,,,,,,,,,,,"0,02","0,04","0,04","0,03","0,04","0,04","0,04","0,03","0,02",
High income,Belgium,2-5.,Min. Bin,,,,,,,,,,,,,,,"1,000","1,000","1,000","1,000","1,000","1,000","1,000","1,000","1,000",
High income,Belgium,< 2.,Food Change Yoy,"0,01","0,01","0,01","0,00","0,01","0,01","0,01","0,02","0,00","0,00","0,00","0,00","0,01","0,02",,,,,,,,,,
High income,Belgium,< 2.,Min. Bin,"1,000","1,000","1,000","1,000","1,000","1,000","1,000","1,000","1,000","1,000","1,000","1,000","1,000","1,000",,,,,,,,,,
High income,Brunei Darussalam,2-5.,Food Change Yoy,,,,,,,,,,,,,,,,"0,03","0,04","0,03","0,02","0,02","0,02",,,
High income,Brunei Darussalam,2-5.,Min. Bin,,,,,,,,,,,,,,,,"1,000","1,000","1,000","1,000","1,000","1,000",,,
High income,Brunei Darussalam,< 2.,Food Change Yoy,"0,00","-0,01","0,00","-0,01","-0,01","0,00","-0,01","-0,01","-0,01","-0,01","-0,01","0,00","0,00","0,01","0,01",,,,,,,,,
High income,Brunei Darussalam,< 2.,Min. Bin,"1,000","1,000","1,000","1,000","1,000","1,000","1,000","1,000","1,000","1,000","1,000","1,000","1,000","1,000","1,000",,,,,,,,,
High income,Canada,2-5.,Food Change Yoy,"0,02","0,03","0,04","0,03","0,04","0,04","0,04","0,04","0,04","0,04","0,04","0,03","0,04","0,02","0,02","0,04","0,04","0,03","0,02",,,"0,02",,
High income,Canada,2-5.,Min. Bin,"1,000","1,000","1,000","1,000","1,000","1,000","1,000","1,000","1,000","1,000","1,000","1,000","1,000","1,000","1,000","1,000","1,000","1,000","1,000",,,"1,000",,
High income,Canada,< 2.,Food Change Yoy,,,,,,,,,,,,,,,,,,,,"0,02","0,01",,"0,02",
High income,Canada,< 2.,Min. Bin,,,,,,,,,,,,,,,,,,,,"1,000","1,000",,"1,000",
High income,Chile,2-5.,Food Change Yoy,,,"0,02","0,02","0,03","0,03","0,03","0,03","0,02","0,03","0,04","0,04",,,,,,,,,,,,
High income,Chile,2-5.,Min. Bin,,,"1,000","1,000","1,000","1,000","1,000","1,000","1,000","1,000","1,000","1,000",,,,,,,,,,,,
High income,Chile,5-30.,Food Change Yoy,,,,,,,,,,,,,"0,05","0,06","0,06","0,07","0,07","0,06","0,07","0,06","0,08","0,08","0,07","0,08"
High income,Chile,5-30.,Min. Bin,,,,,,,,,,,,,"1,000","1,000","1,000","1,000","1,000","1,000","1,000","1,000","1,000","1,000","1,000","1,000"
High income,Chile,< 2.,Food Change Yoy,"0,01","0,02",,,,,,,,,,,,,,,,,,,,,,
High income,Chile,< 2.,Min. Bin,"1,000","1,000",,,,,,,,,,,,,,,,,,,,,,
High income,Croatia,2-5.,Food Change Yoy,,,,,,,,,,,,"0,02","0,03","0,03","0,03","0,04","0,03","0,02",,,,,,
High income,Croatia,2-5.,Min. Bin,,,,,,,,,,,,"1,000","1,000","1,000","1,000","1,000","1,000","1,000",,,,,,
High income,Croatia,< 2.,Food Change Yoy,"-0,01","-0,01","-0,01","-0,02","-0,01","0,00","0,00","0,00","0,00","0,00","0,00",,,,,,,,,,,,,
High income,Croatia,< 2.,Min. Bin,"1,000","1,000","1,000","1,000","1,000","1,000","1,000","1,000","1,000","1,000","1,000",,,,,,,,,,,,,
High income,Cyprus,2-5.,Food Change Yoy,,,"0,04","0,03",,,,,,,,,,,,,"0,04",,,,"0,02",,,
High income,Cyprus,2-5.,Min. Bin,,,"1,000","1,000",,,,,,,,,,,,,"1,000",,,,"1,000",,,
High income,Cyprus,5-30.,Food Change Yoy,"0,07","0,05",,,,,,,,,,,,,,,,,,,,,,
High income,Cyprus,5-30.,Min. Bin,"1,000","1,000",,,,,,,,,,,,,,,,,,,,,,
High income,Cyprus,< 2.,Food Change Yoy,,,,,"-0,01","-0,01","-0,02","-0,03","-0,02","-0,03","-0,01","0,02","0,01","0,02","0,00","-0,01",,"0,01","-0,01","0,01",,,,
High income,Cyprus,< 2.,Min. Bin,,,,,"1,000","1,000","1,000","1,000","1,000","1,000","1,000","1,000","1,000","1,000","1,000","1,000",,"1,000","1,000","1,000",,,,
High income,Czech Republic,2-5.,Food Change Yoy,,,,,"0,03","0,03","0,04","0,04","0,02","0,03",,"0,05",,,,,,,"0,04","0,04","0,03","0,03",,
High income,Czech Republic,2-5.,Min. Bin,,,,,"1,000","1,000","1,000","1,000","1,000","1,000",,"1,000",,,,,,,"1,000","1,000","1,000","1,000",,
High income,Czech Republic,5-30.,Food Change Yoy,,,,,,,,,,,"0,05",,"0,06","0,05","0,06","0,08","0,06","0,05",,,,,,
High income,Czech Republic,5-30.,Min. Bin,,,,,,,,,,,"1,000",,"1,000","1,000","1,000","1,000","1,000","1,000",,,,,,
High income,Czech Republic,< 2.,Food Change Yoy,"0,00","0,01","0,02","0,02",,,,,,,,,,,,,,,,,,,"0,02",
High income,Czech Republic,< 2.,Min. Bin,"1,000","1,000","1,000","1,000",,,,,,,,,,,,,,,,,,,"1,000",
High income,Denmark,2-5.,Food Change Yoy,,,,,,"0,02","0,02","0,02",,,,,,,,,,,,,,,,
High income,Denmark,2-5.,Min. Bin,,,,,,"1,000","1,000","1,000",,,,,,,,,,,,,,,,
High income,Denmark,< 2.,Food Change Yoy,"0,01","0,01","0,02","0,01","0,01",,,,"0,01","0,01","0,01","0,01",,"0,00","0,01","0,02","0,01","0,01","0,01","0,01","0,00","0,01","0,00",
High income,Denmark,< 2.,Min. Bin,"1,000","1,000","1,000","1,000","1,000",,,,"1,000","1,000","1,000","1,000",,"1,000","1,000","1,000","1,000","1,000","1,000","1,000","1,000","1,000","1,000",
High income,Denmark,No Value,Food Change Yoy,,,,,,,,,,,,,,,,,,,,,,,,
High income,Denmark,No Value,Min. Bin,,,,,,,,,,,,,"1,000",,,,,,,,,,,
High income,Estonia,2-5.,Food Change Yoy,,,"0,02","0,04","0,03","0,03","0,04","0,05","0,04","0,02","0,03","0,03","0,03","0,04","0,02","0,03","0,03","0,03","0,02","0,02",,,,
High income,Estonia,2-5.,Min. Bin,,,"1,000","1,000","1,000","1,000","1,000","1,000","1,000","1,000","1,000","1,000","1,000","1,000","1,000","1,000","1,000","1,000","1,000","1,000",,,,
High income,Estonia,< 2.,Food Change Yoy,"0,02","0,02",,,,,,,,,,,,,,,,,,,"0,01","0,02","0,01","0,00"
High income,Estonia,< 2.,Min. Bin,"1,000","1,000",,,,,,,,,,,,,,,,,,,"1,000","1,000","1,000","1,000"
High income,Finland,2-5.,Food Change Yoy,"0,02","0,02",,"0,02",,,,,,,,,,,,,"0,02","0,02","0,03",,,,,
High income,Finland,2-5.,Min. Bin,"1,000","1,000",,"1,000",,,,,,,,,,,,,"1,000","1,000","1,000",,,,,
High income,Finland,< 2.,Food Change Yoy,,,"0,01",,"0,01","0,01","0,01","0,02","0,00","0,00","0,01","0,02","0,02","0,01","0,02","0,01",,,,"0,01","0,02","0,02","0,02",
High income,Finland,< 2.,Min. Bin,,,"1,000",,"1,000","1,000","1,000","1,000","1,000","1,000","1,000","1,000","1,000","1,000","1,000","1,000",,,,"1,000","1,000","1,000","1,000",
High income,France,2-5.,Food Change Yoy,"0,03","0,03","0,02","0,02","0,02","0,02","0,03","0,03",,,"0,02","0,02",,,"0,02","0,04","0,04","0,03",,,,,"0,02",
High income,France,2-5.,Min. Bin,"1,000","1,000","1,000","1,000","1,000","1,000","1,000","1,000",,,"1,000","1,000",,,"1,000","1,000","1,000","1,000",,,,,"1,000",
High income,France,< 2.,Food Change Yoy,,,,,,,,,"0,02","0,02",,,"0,02","0,02",,,,,"0,01","0,01","0,01","0,02",,
High income,France,< 2.,Min. Bin,,,,,,,,,"1,000","1,000",,,"1,000","1,000",,,,,"1,000","1,000","1,000","1,000",,
High income,Germany,2-5.,Food Change Yoy,,,,,,,,"0,02",,,,,"0,02","0,03","0,04","0,05","0,04","0,04",,,,,,
High income,Germany,2-5.,Min. Bin,,,,,,,,"1,000",,,,,"1,000","1,000","1,000","1,000","1,000","1,000",,,,,,
High income,Germany,< 2.,Food Change Yoy,"0,01","0,01","0,00","0,00","0,01","0,01","0,02",,"0,01","0,01","0,02","0,02",,,,,,,"0,01","0,01","0,01","0,01","0,01",
High income,Germany,< 2.,Min. Bin,"1,000","1,000","1,000","1,000","1,000","1,000","1,000",,"1,000","1,000","1,000","1,000",,,,,,,"1,000","1,000","1,000","1,000","1,000",
High income,Greece,2-5.,Food Change Yoy,,"0,02",,,,,,,,,,,,,,,,"0,04",,,"0,02",,,
High income,Greece,2-5.,Min. Bin,,"1,000",,,,,,,,,,,,,,,,"1,000",,,"1,000",,,
High income,Greece,< 2.,Food Change Yoy,"0,02",,"0,01","0,01","0,00","-0,01","-0,01","-0,02","-0,02","-0,02","-0,01","0,00","0,00","0,00","0,00","0,01","0,01",,"0,02","0,02",,"0,02","0,02",
High income,Greece,< 2.,Min. Bin,"1,000",,"1,000","1,000","1,000","1,000","1,000","1,000","1,000","1,000","1,000","1,000","1,000","1,000","1,000","1,000","1,000",,"1,000","1,000",,"1,000","1,000",
High income,Hong Kong,2-5.,Food Change Yoy,"0,04","0,05","0,05","0,05",,,,,,,,,,,,,,"0,05","0,04","0,03","0,03","0,03","0,03",
High income,Hong Kong,2-5.,Min. Bin,"1,000","1,000","1,000","1,000",,,,,,,,,,,,,,"1,000","1,000","1,000","1,000","1,000","1,000",
High income,Hong Kong,5-30.,Food Change Yoy,,,,,"0,06","0,12","0,13","0,14","0,13","0,13","0,14","0,14","0,17","0,15","0,13","0,14","0,11",,,,,,,
High income,Hong Kong,5-30.,Min. Bin,,,,,"1,000","1,000","1,000","1,000","1,000","1,000","1,000","1,000","1,000","1,000","1,000","1,000","1,000",,,,,,,
High income,Hungary,2-5.,Food Change Yoy,"0,04","0,05",,,,,,,"0,05",,,,,,,,,,,,,,,
High income,Hungary,2-5.,Min. Bin,"1,000","1,000",,,,,,,"1,000",,,,,,,,,,,,,,,
High income,Hungary,5-30.,Food Change Yoy,,,"0,05","0,05","0,05","0,06","0,06","0,05",,"0,05","0,05","0,06","0,07","0,07","0,08","0,09","0,09","0,08","0,08","0,08","0,07","0,06","0,06",
High income,Hungary,5-30.,Min. Bin,,,"1,000","1,000","1,000","1,000","1,000","1,000",,"1,000","1,000","1,000","1,000","1,000","1,000","1,000","1,000","1,000","1,000","1,000","1,000","1,000","1,000",
High income,Iceland,2-5.,Food Change Yoy,"0,05","0,04","0,04","0,04","0,05","0,05",,"0,05","0,03","0,02","0,03",,,,"0,02","0,04","0,05",,,,,,,
High income,Iceland,2-5.,Min. Bin,"1,000","1,000","1,000","1,000","1,000","1,000",,"1,000","1,000","1,000","1,000",,,,"1,000","1,000","1,000",,,,,,,
High income,Iceland,5-30.,Food Change Yoy,,,,,,,"0,05",,,,,,,,,,,"0,06","0,05","0,06","0,06","0,07","0,07","0,07"
High income,Iceland,5-30.,Min. Bin,,,,,,,"1,000",,,,,,,,,,,"1,000","1,000","1,000","1,000","1,000","1,000","1,000"
High income,Iceland,< 2.,Food Change Yoy,,,,,,,,,,,,"0,01","0,01","0,02",,,,,,,,,,
High income,Iceland,< 2.,Min. Bin,,,,,,,,,,,,"1,000","1,000","1,000",,,,,,,,,,
High income,Ireland,< 2.,Food Change Yoy,"-0,02","-0,01","-0,01","0,00","0,00","0,00","-0,01","0,00","-0,01","-0,01","-0,01","-0,01","-0,01","-0,01","-0,02","-0,01","-0,01","-0,02","-0,01","-0,02","-0,01","-0,02","-0,01",
High income,Ireland,< 2.,Min. Bin,"1,000","1,000","1,000","1,000","1,000","1,000","1,000","1,000","1,000","1,000","1,000","1,000","1,000","1,000","1,000","1,000","1,000","1,000","1,000","1,000","1,000","1,000","1,000",
High income,Israel,2-5.,Food Change Yoy,"0,05","0,04",,"0,04","0,04",,,,,,,,,,,,,,,,,,,
High income,Israel,2-5.,Min. Bin,"1,000","1,000",,"1,000","1,000",,,,,,,,,,,,,,,,,,,
High income,Israel,5-30.,Food Change Yoy,,,"0,05",,,,,,,,,,,,,,,,,,,,,
High income,Israel,5-30.,Min. Bin,,,"1,000",,,,,,,,,,,,,,,,,,,,,
High income,Israel,< 2.,Food Change Yoy,,,,,,"0,01","-0,01","0,01","0,00","0,01","0,01","0,00","-0,01","-0,01","0,00","0,02","0,00","0,00","0,01","0,00","0,00","0,00","0,00",
High income,Israel,< 2.,Min. Bin,,,,,,"1,000","1,000","1,000","1,000","1,000","1,000","1,000","1,000","1,000","1,000","1,000","1,000","1,000","1,000","1,000","1,000","1,000","1,000",
High income,Italy,2-5.,Food Change Yoy,,,,,,,,,,,,,,,,"0,03","0,03","0,02",,,,,,
High income,Italy,2-5.,Min. Bin,,,,,,,,,,,,,,,,"1,000","1,000","1,000",,,,,,
High income,Italy,< 2.,Food Change Yoy,"0,01","0,02","0,01","0,00","0,00","0,00","0,01","0,01","0,01","0,01","0,01","0,01","0,01","0,00","0,01",,,,"0,01","0,01","0,01","0,01","0,01","0,01"
High income,Italy,< 2.,Min. Bin,"1,000","1,000","1,000","1,000","1,000","1,000","1,000","1,000","1,000","1,000","1,000","1,000","1,000","1,000","1,000",,,,"1,000","1,000","1,000","1,000","1,000","1,000"
High income,Japan,2-5.,Food Change Yoy,,,,,,,,,,,,,,,,"0,02","0,02",,,"0,03",,,,
High income,Japan,2-5.,Min. Bin,,,,,,,,,,,,,,,,"1,000","1,000",,,"1,000",,,,
High income,Japan,< 2.,Food Change Yoy,"-0,02","-0,02","-0,01","0,01","0,01","0,02","0,01","0,00","0,00","0,00","0,01","0,02","0,01","0,01","0,01",,,"0,01","0,02",,"0,02","0,01","0,00",
High income,Japan,< 2.,Min. Bin,"1,000","1,000","1,000","1,000","1,000","1,000","1,000","1,000","1,000","1,000","1,000","1,000","1,000","1,000","1,000",,,"1,000","1,000",,"1,000","1,000","1,000",
High income,"Korea, Republic of",2-5.,Food Change Yoy,"0,03",,,,,"0,02",,,,,,,,,"0,03",,"0,02","0,03","0,04",,,,,
High income,"Korea, Republic of",2-5.,Min. Bin,"1,000",,,,,"1,000",,,,,,,,,"1,000",,"1,000","1,000","1,000",,,,,
High income,"Korea, Republic of",5-30.,Food Change Yoy,,,,,,,,,,,,,,,,,,,,"0,07","0,08","0,08","0,07","0,06"
High income,"Korea, Republic of",5-30.,Min. Bin,,,,,,,,,,,,,,,,,,,,"1,000","1,000","1,000","1,000","1,000"
High income,"Korea, Republic of",< 2.,Food Change Yoy,,"0,00","0,01","0,01","0,02",,"0,01","-0,03","-0,04","-0,01","-0,01","0,00","0,02","0,01",,"0,02",,,,,,,,
High income,"Korea, Republic of",< 2.,Min. Bin,,"1,000","1,000","1,000","1,000",,"1,000","1,000","1,000","1,000","1,000","1,000","1,000","1,000",,"1,000",,,,,,,,
High income,Kuwait,2-5.,Food Change Yoy,,,,,,,,,,,"0,02",,"0,03",,,,,,,,,,,
High income,Kuwait,2-5.,Min. Bin,,,,,,,,,,,"1,000",,"1,000",,,,,,,,,,,
High income,Kuwait,< 2.,Food Change Yoy,,"0,00","0,01","0,01","0,01","0,01","0,01","0,01","0,02","0,01",,"0,02",,,,,,,,,,,,
High income,Kuwait,< 2.,Min. Bin,,"1,000","1,000","1,000","1,000","1,000","1,000","1,000","1,000","1,000",,"1,000",,,,,,,,,,,,
High income,Kuwait,No Value,Food Change Yoy,,,,,,,,,,,,,,,,,,,,,,,,
High income,Kuwait,No Value,Min. Bin,"1,000",,,,,,,,,,,,,"1,000",,,,,,,,,,
High income,Latvia,2-5.,Food Change Yoy,,,"0,02","0,03","0,04","0,04","0,04","0,05","0,02","0,03","0,03","0,02","0,03","0,04","0,04","0,03","0,02",,"0,03",,"0,02",,,
High income,Latvia,2-5.,Min. Bin,,,"1,000","1,000","1,000","1,000","1,000","1,000","1,000","1,000","1,000","1,000","1,000","1,000","1,000","1,000","1,000",,"1,000",,"1,000",,,
High income,Latvia,< 2.,Food Change Yoy,"0,01","0,01",,,,,,,,,,,,,,,,"0,01",,"0,02",,"0,01","0,02",
High income,Latvia,< 2.,Min. Bin,"1,000","1,000",,,,,,,,,,,,,,,,"1,000",,"1,000",,"1,000","1,000",
High income,Lithuania,2-5.,Food Change Yoy,,,,"0,02","0,03","0,03","0,05",,"0,04","0,04","0,04","0,04","0,04","0,04","0,04","0,03","0,03","0,03",,,,,,
High income,Lithuania,2-5.,Min. Bin,,,,"1,000","1,000","1,000","1,000",,"1,000","1,000","1,000","1,000","1,000","1,000","1,000","1,000","1,000","1,000",,,,,,
High income,Lithuania,5-30.,Food Change Yoy,,,,,,,,"0,05",,,,,,,,,,,,,,,,
High income,Lithuania,5-30.,Min. Bin,,,,,,,,"1,000",,,,,,,,,,,,,,,,
High income,Lithuania,< 2.,Food Change Yoy,"0,00","0,01","0,02",,,,,,,,,,,,,,,,"0,01","0,01","0,02","0,01","0,01",
High income,Lithuania,< 2.,Min. Bin,"1,000","1,000","1,000",,,,,,,,,,,,,,,,"1,000","1,000","1,000","1,000","1,000",
High income,Luxembourg,2-5.,Food Change Yoy,"0,03","0,02",,,,,,,,,,,,,"0,03","0,04","0,04","0,03","0,02","0,02","0,03","0,03","0,03",
High income,Luxembourg,2-5.,Min. Bin,"1,000","1,000",,,,,,,,,,,,,"1,000","1,000","1,000","1,000","1,000","1,000","1,000","1,000","1,000",
High income,Luxembourg,< 2.,Food Change Yoy,,,"0,01","0,01","0,01","0,02","0,02","0,02","0,01","0,01","0,00","0,01","0,01","0,02",,,,,,,,,,
High income,Luxembourg,< 2.,Min. Bin,,,"1,000","1,000","1,000","1,000","1,000","1,000","1,000","1,000","1,000","1,000","1,000","1,000",,,,,,,,,,
High income,Macao,2-5.,Food Change Yoy,"0,03","0,03","0,03","0,03","0,03","0,03","0,04","0,04",,,,,,,,,,,,,,,,
High income,Macao,2-5.,Min. Bin,"1,000","1,000","1,000","1,000","1,000","1,000","1,000","1,000",,,,,,,,,,,,,,,,
High income,Malta,2-5.,Food Change Yoy,"0,05",,"0,05","0,05","0,05","0,04","0,04","0,04","0,03",,,"0,02","0,02","0,02",,,,,,,,,,
High income,Malta,2-5.,Min. Bin,"1,000",,"1,000","1,000","1,000","1,000","1,000","1,000","1,000",,,"1,000","1,000","1,000",,,,,,,,,,
High income,Malta,5-30.,Food Change Yoy,,"0,05",,,,,,,,,,,,,,,,,,,,,,
High income,Malta,5-30.,Min. Bin,,"1,000",,,,,,,,,,,,,,,,,,,,,,
High income,Malta,< 2.,Food Change Yoy,,,,,,,,,,"0,01","0,02",,,,,,,,,,,,,
High income,Malta,< 2.,Min. Bin,,,,,,,,,,"1,000","1,000",,,,,,,,,,,,,
High income,Mauritius,2-5.,Food Change Yoy,,,,,,"0,02","0,03",,"0,04",,,"0,03",,,,,,"0,03","0,03","0,03",,,,
High income,Mauritius,2-5.,Min. Bin,,,,,,"1,000","1,000",,"1,000",,,"1,000",,,,,,"1,000","1,000","1,000",,,,
High income,Mauritius,5-30.,Food Change Yoy,,,,,,,,"0,06",,,,,"0,07","0,06","0,08","0,12","0,07",,,,"0,05","0,07",,
High income,Mauritius,5-30.,Min. Bin,,,,,,,,"1,000",,,,,"1,000","1,000","1,000","1,000","1,000",,,,"1,000","1,000",,
High income,Mauritius,< 2.,Food Change Yoy,"-0,04","-0,07","-0,08","0,00","0,01",,,,,"0,00","0,01",,,,,,,,,,,,,
High income,Mauritius,< 2.,Min. Bin,"1,000","1,000","1,000","1,000","1,000",,,,,"1,000","1,000",,,,,,,,,,,,,
High income,Netherlands,2-5.,Food Change Yoy,"0,03","0,03","0,04","0,04","0,04","0,04","0,05","0,05","0,05","0,05","0,04","0,04",,,"0,03","0,03","0,03","0,03",,,,,,
High income,Netherlands,2-5.,Min. Bin,"1,000","1,000","1,000","1,000","1,000","1,000","1,000","1,000","1,000","1,000","1,000","1,000",,,"1,000","1,000","1,000","1,000",,,,,,
High income,Netherlands,< 2.,Food Change Yoy,,,,,,,,,,,,,"0,02","0,02",,,,,"0,02","0,01","0,01","0,01","0,01",
High income,Netherlands,< 2.,Min. Bin,,,,,,,,,,,,,"1,000","1,000",,,,,"1,000","1,000","1,000","1,000","1,000",
High income,Norway,2-5.,Food Change Yoy,,,"0,03",,,,,,,,,,"0,02","0,02","0,03","0,04","0,05","0,03","0,02","0,04","0,04","0,04","0,03",
High income,Norway,2-5.,Min. Bin,,,"1,000",,,,,,,,,,"1,000","1,000","1,000","1,000","1,000","1,000","1,000","1,000","1,000","1,000","1,000",
High income,Norway,< 2.,Food Change Yoy,"0,01","0,02",,"0,02","0,01","0,01","0,02","0,01","0,01","0,00","-0,01","0,00",,,,,,,,,,,,
High income,Norway,< 2.,Min. Bin,"1,000","1,000",,"1,000","1,000","1,000","1,000","1,000","1,000","1,000","1,000","1,000",,,,,,,,,,,,
High income,Oman,2-5.,Food Change Yoy,,,"0,02",,,,,,,,"0,02",,,"0,02",,"0,02","0,03","0,03",,,,,,
High income,Oman,2-5.,Min. Bin,,,"1,000",,,,,,,,"1,000",,,"1,000",,"1,000","1,000","1,000",,,,,,
High income,Oman,< 2.,Food Change Yoy,"0,01","0,01",,"0,01","0,00","0,00","0,01","0,02","0,02","0,01",,"0,01","0,02",,"0,01",,,,"0,01","0,00","0,00","0,00",,
High income,Oman,< 2.,Min. Bin,"1,000","1,000",,"1,000","1,000","1,000","1,000","1,000","1,000","1,000",,"1,000","1,000",,"1,000",,,,"1,000","1,000","1,000","1,000",,
High income,Panama,< 2.,Food Change Yoy,"0,01","0,01","0,00","0,00","0,01","0,01","0,01","0,01","0,01","0,00","0,00","0,00","-0,01","-0,01","-0,01","-0,01","-0,01",,,,,,,
High income,Panama,< 2.,Min. Bin,"1,000","1,000","1,000","1,000","1,000","1,000","1,000","1,000","1,000","1,000","1,000","1,000","1,000","1,000","1,000","1,000","1,000",,,,,,,
High income,Poland,2-5.,Food Change Yoy,,"0,02","0,03","0,03","0,05",,,,,,,,,,,,,,"0,04","0,03","0,03","0,02",,
High income,Poland,2-5.,Min. Bin,,"1,000","1,000","1,000","1,000",,,,,,,,,,,,,,"1,000","1,000","1,000","1,000",,
High income,Poland,5-30.,Food Change Yoy,,,,,,"0,05","0,06","0,07","0,06","0,06","0,06","0,07","0,08","0,07","0,08","0,07","0,06","0,05",,,,,,
High income,Poland,5-30.,Min. Bin,,,,,,"1,000","1,000","1,000","1,000","1,000","1,000","1,000","1,000","1,000","1,000","1,000","1,000","1,000",,,,,,
High income,Poland,< 2.,Food Change Yoy,"0,01",,,,,,,,,,,,,,,,,,,,,,"0,02",
High income,Poland,< 2.,Min. Bin,"1,000",,,,,,,,,,,,,,,,,,,,,,"1,000",
High income,Portugal,2-5.,Food Change Yoy,,,,,,,,,,,,,,,,"0,04","0,02","0,03","0,03","0,02",,"0,02","0,02",
High income,Portugal,2-5.,Min. Bin,,,,,,,,,,,,,,,,"1,000","1,000","1,000","1,000","1,000",,"1,000","1,000",
High income,Portugal,< 2.,Food Change Yoy,"0,00","0,01","0,01","0,00","0,00","0,00","0,00","0,00","0,00","0,01","0,00","0,00","0,01","0,01","0,01",,,,,,"0,02",,,
High income,Portugal,< 2.,Min. Bin,"1,000","1,000","1,000","1,000","1,000","1,000","1,000","1,000","1,000","1,000","1,000","1,000","1,000","1,000","1,000",,,,,,"1,000",,,
High income,Qatar,< 2.,Food Change Yoy,"-0,03","-0,01","-0,01","-0,01","-0,01","0,01","0,01","0,02","0,01","-0,01","0,00","0,01","0,01","0,00","0,00","0,01","0,00","-0,01","-0,01","0,00","-0,01","0,01","-0,01",
High income,Qatar,< 2.,Min. Bin,"1,000","1,000","1,000","1,000","1,000","1,000","1,000","1,000","1,000","1,000","1,000","1,000","1,000","1,000","1,000","1,000","1,000","1,000","1,000","1,000","1,000","1,000","1,000",
High income,Saint Kitts and Nevis,2-5.,Food Change Yoy,,,,,,"0,03","0,03","0,02",,,"0,02",,"0,02",,,,,,,,,,,
High income,Saint Kitts and Nevis,2-5.,Min. Bin,,,,,,"1,000","1,000","1,000",,,"1,000",,"1,000",,,,,,,,,,,
High income,Saint Kitts and Nevis,< 2.,Food Change Yoy,"0,02","0,01","0,02","0,01","0,01",,,,"0,02","0,02",,"0,02",,"0,02","0,02","0,01","0,01","0,00",,,,,,
High income,Saint Kitts and Nevis,< 2.,Min. Bin,"1,000","1,000","1,000","1,000","1,000",,,,"1,000","1,000",,"1,000",,"1,000","1,000","1,000","1,000","1,000",,,,,,
High income,Saudi Arabia,2-5.,Food Change Yoy,"0,02",,"0,02",,"0,03",,,,"0,02","0,03","0,02","0,03",,"0,03","0,04",,,,,,,,,
High income,Saudi Arabia,2-5.,Min. Bin,"1,000",,"1,000",,"1,000",,,,"1,000","1,000","1,000","1,000",,"1,000","1,000",,,,,,,,,
High income,Saudi Arabia,5-30.,Food Change Yoy,,,,,,,,,,,,,,,,"0,06","0,07","0,06","0,14","0,14","0,13","0,13","0,13",
High income,Saudi Arabia,5-30.,Min. Bin,,,,,,,,,,,,,,,,"1,000","1,000","1,000","1,000","1,000","1,000","1,000","1,000",
High income,Saudi Arabia,< 2.,Food Change Yoy,,"0,02",,"0,02",,"0,02","0,01","0,02",,,,,"0,02",,,,,,,,,,,
High income,Saudi Arabia,< 2.,Min. Bin,,"1,000",,"1,000",,"1,000","1,000","1,000",,,,,"1,000",,,,,,,,,,,
High income,Seychelles,2-5.,Food Change Yoy,,,,,,,,"0,02",,,"0,02",,,,,,,,,,,,,
High income,Seychelles,2-5.,Min. Bin,,,,,,,,"1,000",,,"1,000",,,,,,,,,,,,,
High income,Seychelles,< 2.,Food Change Yoy,"-0,02","-0,01","-0,02","-0,02","-0,01","0,00","-0,01",,"0,02","0,01",,"0,02","0,00","0,00","0,00",,,,,,,,,
High income,Seychelles,< 2.,Min. Bin,"1,000","1,000","1,000","1,000","1,000","1,000","1,000",,"1,000","1,000",,"1,000","1,000","1,000","1,000",,,,,,,,,
High income,Singapore,2-5.,Food Change Yoy,,,,,,,,,,,,,,,,"0,03","0,04","0,04","0,04","0,03","0,03","0,02","0,03",
High income,Singapore,2-5.,Min. Bin,,,,,,,,,,,,,,,,"1,000","1,000","1,000","1,000","1,000","1,000","1,000","1,000",
High income,Singapore,< 2.,Food Change Yoy,"0,01","0,01","0,01","0,01","0,01","0,01","0,01","0,01","0,01","0,01","0,01","0,01","0,02","0,02","0,02",,,,,,,,,
High income,Singapore,< 2.,Min. Bin,"1,000","1,000","1,000","1,000","1,000","1,000","1,000","1,000","1,000","1,000","1,000","1,000","1,000","1,000","1,000",,,,,,,,,
High income,Slovakia,2-5.,Food Change Yoy,,"0,02","0,03","0,03","0,04","0,04","0,05",,"0,05","0,05",,,"0,04","0,05","0,04","0,04","0,05","0,03","0,02",,,,,
High income,Slovakia,2-5.,Min. Bin,,"1,000","1,000","1,000","1,000","1,000","1,000",,"1,000","1,000",,,"1,000","1,000","1,000","1,000","1,000","1,000","1,000",,,,,
High income,Slovakia,5-30.,Food Change Yoy,,,,,,,,"0,05",,,"0,05","0,05",,,,,,,,,,,,
High income,Slovakia,5-30.,Min. Bin,,,,,,,,"1,000",,,"1,000","1,000",,,,,,,,,,,,
High income,Slovakia,< 2.,Food Change Yoy,"0,02",,,,,,,,,,,,,,,,,,,"0,01","0,00","0,01","0,01",
High income,Slovakia,< 2.,Min. Bin,"1,000",,,,,,,,,,,,,,,,,,,"1,000","1,000","1,000","1,000",
High income,Slovenia,2-5.,Food Change Yoy,,,,,,"0,02","0,03","0,03",,,"0,02","0,03","0,03","0,04","0,05",,,"0,03","0,03","0,04","0,04","0,03",,
High income,Slovenia,2-5.,Min. Bin,,,,,,"1,000","1,000","1,000",,,"1,000","1,000","1,000","1,000","1,000",,,"1,000","1,000","1,000","1,000","1,000",,
High income,Slovenia,5-30.,Food Change Yoy,,,,,,,,,,,,,,,,"0,05","0,05",,,,,,,
High income,Slovenia,5-30.,Min. Bin,,,,,,,,,,,,,,,,"1,000","1,000",,,,,,,
High income,Slovenia,< 2.,Food Change Yoy,"0,01","0,00","0,00","0,01","0,01",,,,"0,02","0,02",,,,,,,,,,,,,"0,02","0,01"
High income,Slovenia,< 2.,Min. Bin,"1,000","1,000","1,000","1,000","1,000",,,,"1,000","1,000",,,,,,,,,,,,,"1,000","1,000"
High income,Spain,2-5.,Food Change Yoy,,,,,,,,,,,,,"0,02",,"0,03","0,04","0,04","0,03","0,02","0,02","0,02","0,02",,
High income,Spain,2-5.,Min. Bin,,,,,,,,,,,,,"1,000",,"1,000","1,000","1,000","1,000","1,000","1,000","1,000","1,000",,
High income,Spain,< 2.,Food Change Yoy,"0,01","0,01","0,01","0,01","0,01","0,00","0,01","0,01","0,01","0,01","0,02","0,02",,"0,02",,,,,,,,,"0,01",
High income,Spain,< 2.,Min. Bin,"1,000","1,000","1,000","1,000","1,000","1,000","1,000","1,000","1,000","1,000","1,000","1,000",,"1,000",,,,,,,,,"1,000",
High income,Sweden,2-5.,Food Change Yoy,,"0,03","0,03","0,03","0,02","0,03","0,04","0,03","0,03","0,03","0,03","0,03","0,02","0,03","0,03","0,04","0,04","0,03",,"0,02",,,,
High income,Sweden,2-5.,Min. Bin,,"1,000","1,000","1,000","1,000","1,000","1,000","1,000","1,000","1,000","1,000","1,000","1,000","1,000","1,000","1,000","1,000","1,000",,"1,000",,,,
High income,Sweden,< 2.,Food Change Yoy,"0,02",,,,,,,,,,,,,,,,,,"0,02",,"0,01","0,01","0,01",
High income,Sweden,< 2.,Min. Bin,"1,000",,,,,,,,,,,,,,,,,,"1,000",,"1,000","1,000","1,000",
High income,Switzerland,< 2.,Food Change Yoy,"0,01","0,01","0,01","0,01","0,00","0,00","0,00","0,00","0,00","-0,01","-0,01","-0,01","-0,01","-0,01","0,00","0,00","0,00","0,01","0,01","0,00","0,00","0,01","0,00",
High income,Switzerland,< 2.,Min. Bin,"1,000","1,000","1,000","1,000","1,000","1,000","1,000","1,000","1,000","1,000","1,000","1,000","1,000","1,000","1,000","1,000","1,000","1,000","1,000","1,000","1,000","1,000","1,000",
High income,Trinidad and Tobago,2-5.,Food Change Yoy,,,,,,,,"0,02",,,,,,,,,,,,,,,,
High income,Trinidad and Tobago,2-5.,Min. Bin,,,,,,,,"1,000",,,,,,,,,,,,,,,,
High income,Trinidad and Tobago,< 2.,Food Change Yoy,"0,01","0,00","0,01","0,00","0,01","0,01","0,02",,"0,01","0,01",,,,,,,,,,,,,,
High income,Trinidad and Tobago,< 2.,Min. Bin,"1,000","1,000","1,000","1,000","1,000","1,000","1,000",,"1,000","1,000",,,,,,,,,,,,,,
High income,United Arab Emirates,2-5.,Food Change Yoy,,,,,,,,,,,,,,"0,03",,,,,"0,05","0,04",,,,
High income,United Arab Emirates,2-5.,Min. Bin,,,,,,,,,,,,,,"1,000",,,,,"1,000","1,000",,,,
High income,United Arab Emirates,5-30.,Food Change Yoy,,,,,,,,,,,,,,,,"0,05","0,06","0,06",,,,,,
High income,United Arab Emirates,5-30.,Min. Bin,,,,,,,,,,,,,,,,"1,000","1,000","1,000",,,,,,
High income,United Arab Emirates,< 2.,Food Change Yoy,"-0,01","-0,02","-0,01","-0,01","-0,01","-0,02","-0,02","-0,02","-0,01","-0,02","-0,01","-0,01","-0,02",,"0,01",,,,,,,,,
High income,United Arab Emirates,< 2.,Min. Bin,"1,000","1,000","1,000","1,000","1,000","1,000","1,000","1,000","1,000","1,000","1,000","1,000","1,000",,"1,000",,,,,,,,,
High income,United Kingdom,2-5.,Food Change Yoy,,,,,,,,,,,"0,02",,,,,,,,,,,,,
High income,United Kingdom,2-5.,Min. Bin,,,,,,,,,,,"1,000",,,,,,,,,,,,,
High income,United Kingdom,< 2.,Food Change Yoy,"0,01","0,01","0,01","0,01","0,01","0,02","0,01","0,02","0,02","0,01",,"0,02","0,01","0,01","0,01","0,01","0,02","0,01","0,01","0,00",,"0,01","0,00",
High income,United Kingdom,< 2.,Min. Bin,"1,000","1,000","1,000","1,000","1,000","1,000","1,000","1,000","1,000","1,000",,"1,000","1,000","1,000","1,000","1,000","1,000","1,000","1,000","1,000",,"1,000","1,000",
High income,United Kingdom,No Value,Food Change Yoy,,,,,,,,,,,,,,,,,,,,,,,,
High income,United Kingdom,No Value,Min. Bin,,,,,,,,,,,,,,,,,,,,,"1,000",,,
High income,United States,2-5.,Food Change Yoy,,,,,,,,,,,,,,,,"0,04","0,05",,"0,05","0,05","0,04","0,04","0,04",
High income,United States,2-5.,Min. Bin,,,,,,,,,,,,,,,,"1,000","1,000",,"1,000","1,000","1,000","1,000","1,000",
High income,United States,5-30.,Food Change Yoy,,,,,,,,,,,,,,,,,,"0,06",,,,,,
High income,United States,5-30.,Min. Bin,,,,,,,,,,,,,,,,,,"1,000",,,,,,
High income,United States,< 2.,Food Change Yoy,"0,01","0,01","0,01","0,01","0,01","0,01","0,01","0,00","0,01","0,01","0,01","0,01","0,01","0,01","0,01",,,,,,,,,
High income,United States,< 2.,Min. Bin,"1,000","1,000","1,000","1,000","1,000","1,000","1,000","1,000","1,000","1,000","1,000","1,000","1,000","1,000","1,000",,,,,,,,,
High income,Uruguay,5-30.,Food Change Yoy,"0,06","0,08","0,08","0,08","0,07","0,06","0,07","0,08","0,09","0,11","0,13","0,14","0,13","0,11",,,,,,,,,,
High income,Uruguay,5-30.,Min. Bin,"1,000","1,000","1,000","1,000","1,000","1,000","1,000","1,000","1,000","1,000","1,000","1,000","1,000","1,000",,,,,,,,,,
(British Overseas Territory),Montserrat,2-5.,Food Change Yoy,,,,,,,,"0,02",,"0,03","0,03","0,02","0,03","0,03","0,02",,"0,03",,,,,,,
(British Overseas Territory),Montserrat,2-5.,Min. Bin,,,,,,,,"1,000",,"1,000","1,000","1,000","1,000","1,000","1,000",,"1,000",,,,,,,
(British Overseas Territory),Montserrat,< 2.,Food Change Yoy,"-0,01","0,00","0,00","0,01","0,00","0,01","0,01",,"0,02",,,,,,,"0,02",,"0,02",,,,,,
(British Overseas Territory),Montserrat,< 2.,Min. Bin,"1,000","1,000","1,000","1,000","1,000","1,000","1,000",,"1,000",,,,,,,"1,000",,"1,000",,,,,,