"","Fr_Countryname.x","Country","Fr_Countryname.y","Fr_FCV_status","Fr_FCS_Normalised","Fr_month","Fr_pt_suc","Fr_pt_attempt","Fr_delayed","Fr_irreg_lead_ant","Fr_anticipation","Fr_delayed_adj","Fr_anticipation_adj","Fr_pol_trigger","Fr_REIGN_Normalised","Fr_Country of origin (ISO)","Fr_refugees","Fr_z_refugees","Fr_refugees_fragile","Fr_idps","Fr_z_idps","Fr_idps_fragile","Fr_z_refugees_norm","Fr_Displaced_UNHCR_Normalised","Fr_month_yr","Fr_fatal_month","Fr_fatal_month_log","Fr_fatal_3_month","Fr_fatal_3_month_log","Fr_fatal_z","Fr_sd","Fr_mean","Fr_BRD_Normalised"
"1","Libya","LBY","Libya","Medium-Intensity conflict",10,7,0,0,0,1,1,0,1,"Fragile",10,"LBY",16033,1.31959956785323,"Fragile",355672,0.642277319030563,"Not Fragile",10,6.42277319030563,May 2021,3,1.38629436111989,11,2.484906649788,-1.98195659241616,1.40668651289442,5.27289825748199,0
"2","Sudan","SDN","Sudan","High-Institutional and Social Fragility",10,7,0,0,0,0,0,0,0,"Not Fragile",0,"SDN",734947,1.22151268068247,"Fragile",1885782,-0.680296017481764,"Not Fragile",10,0,May 2021,102,4.63472898822964,370,5.91620206260743,0.946354208545111,0.478908380394198,5.46298510131386,9.73177104272555
"3","Afghanistan","AFG","Afghanistan","High-Intensity Conflict",0,7,0,0,0,0,0,0,0,"Not Fragile",0,"AFG",2728853,1.20954830419611,"Fragile",2553390,1.33037304570665,"Fragile",10,10,May 2021,5516,8.61558951327243,10836,9.290721483923,0.721657346412154,0.374984771625698,9.02011096868663,8.60828673206077
"4","Mozambique","MOZ","Mozambique","Medium-Intensity conflict",10,7,0,0,0,0,0,0,0,"Not Fragile",0,"MOZ",77,1.90550580711589,"Fragile",180516,2.03028007670222,"Fragile",10,10,May 2021,60,4.11087386417331,255,5.54517744447956,0.479431586380971,0.944003469357811,5.09259236361621,7.39715793190486
"5","Niger","NER","Niger","Medium-Intensity conflict",10,7,0,0,0,0,0,0,0,"Not Fragile",0,"NER",3063,1.42665034633896,"Fragile",191902,1.06337869433977,"Fragile",10,10,May 2021,106,4.67282883446191,472,6.15909538849193,1.1874901193378,0.866413437272913,5.13023799246885,10
"6","Algeria","DZA","Algeria",NA,0,7,0,0,0,0,0,0,0,"Not Fragile",0,"DZA",4514,1.48781742199383,"Fragile",0,0,"Not Fragile",10,0,May 2021,2,1.09861228866811,3,1.38629436111989,-0.999984617423848,0.733913970078174,2.12019704171053,0
"7","Ethiopia","ETH","Ethiopia","Medium-Intensity conflict",10,7,0,0,0,0,0,0,0,"Not Fragile",0,"ETH",95685,1.59356748234468,"Fragile",1733628,0.750490206032001,"Not Fragile",10,7.50490206032001,May 2021,459,6.13122648948314,1599,7.37775890822787,1.51310471220808,1.02795303566074,5.82235832604101,10
"8","Iraq","IRQ","Iraq","Medium-Intensity conflict",10,7,0,0,1,0,0,1,0,"Fragile",10,"IRQ",344460,0.1484014038314,"Not Fragile",1414632,-1.28554258120551,"Not Fragile",1.484014038314,0,May 2021,346,5.84932477994686,761,6.63594655568665,-0.449790443488584,0.343335776389579,6.79037570681441,2.75104778255708
"9","South Sudan","SSD","South Sudan","Medium-Intensity conflict",10,7,0,0,0,0,1,0,1,"Fragile",10,"SSD",2234814,0.748819192515885,"Not Fragile",1665815,-1.11918733523625,"Not Fragile",7.48819192515885,0,May 2021,410,6.01859321449623,709,6.56526497003536,1.02429779406363,0.456641866755566,6.09752771324054,10
"10","Central African Republic","CAF","Central African Republic","Medium-Intensity conflict",10,NA,NA,NA,NA,NA,NA,NA,NA,NA,NA,"CAF",610203,1.18920703589202,"Fragile",669906,0.84765583773798,"Not Fragile",10,8.4765583773798,May 2021,79,4.38202663467388,201,5.30826769740121,0.495288900670222,0.665478836553208,4.97866341602547,7.47644450335111
"11","Chad","TCD","Chad","Medium-Intensity conflict",10,7,0,0,0,0,0,0,0,"Not Fragile",0,"TCD",11192,-0.564832926971926,"Not Fragile",170278,1.0277231751882,"Fragile",0,10,May 2021,20,3.04452243772342,586,6.3750248198281,2.07541742555045,0.747879974235421,4.82286168907968,10
"12","Croatia","HRV","Croatia",NA,0,7,0,0,0,0,0,0,0,"Not Fragile",0,"HRV",23793,-0.750851519010677,"Not Fragile",0,0,"Not Fragile",0,0,May 2021,0,0,1,0.693147180559945,1.7712783238624,0.298643491501338,0.16416643750104,5
"13","Lebanon","LBN","Lebanon","High-Institutional and Social Fragility",10,7,0,0,0,0,0,0,0,"Not Fragile",0,"LBN",5801,1.20394764243321,"Fragile",0,0,"Not Fragile",10,0,May 2021,2,1.09861228866811,5,1.79175946922805,-0.402728678610878,0.710570741615688,2.07792668505849,0
"14","Maldives","MDV","Maldives",NA,0,7,0,0,0,0,0,0,0,"Not Fragile",0,"MDV",75,1.00247831854675,"Fragile",0,0,"Not Fragile",10,0,NA,NA,NA,NA,NA,NA,NA,NA,NA
"15","Mauritania","MRT","Mauritania",NA,0,7,0,0,0,0,0,0,0,"Not Fragile",0,"MRT",37423,1.06545668541687,"Fragile",0,0,"Not Fragile",10,0,May 2021,0,0,0,0,-0.944473035656768,0.497756374756963,0.470117474284216,0
"16","Ukraine","UKR","Ukraine",NA,0,7,0,0,0,0,0,0,0,"Not Fragile",0,"UKR",59839,-1.21490314253036,"Not Fragile",734000,-1.3430592757425,"Not Fragile",0,0,May 2021,21,3.09104245335832,60,4.11087386417331,-0.193957848965943,0.939467005802871,4.29309086379331,4.03021075517029
"17","Zimbabwe","ZWE","Zimbabwe","High-Institutional and Social Fragility",10,7,0,0,0,0,0,0,0,"Not Fragile",0,"ZWE",10603,-1.64040353496233,"Not Fragile",270000,2.04124145231932,"Fragile",0,10,May 2021,2,1.09861228866811,3,1.38629436111989,-0.475811070187486,0.767531090966226,1.7514941509147,0
"18","Belarus","BLR","Belarus",NA,0,7,0,0,0,0,0,0,0,"Not Fragile",0,"BLR",3425,-1.11793418191719,"Not Fragile",0,0,"Not Fragile",0,0,May 2021,0,0,0,0,-0.39609342292658,0.510104505140909,0.202049039491532,0
"19","Brazil","BRA","Brazil",NA,0,7,0,0,0,0,0,0,0,"Not Fragile",0,"BRA",1399,1.8769145809943,"Fragile",0,0,"Not Fragile",10,0,May 2021,446,6.10255859461357,1314,7.18159194461187,-0.0162107388359987,0.161148708306905,7.18420428423599,4.91894630582001
"20","Cabo Verde","CPV","Cabo Verde",NA,0,7,0,0,0,0,0,0,0,"Not Fragile",0,"CPV",10,-0.502365070228673,"Not Fragile",0,0,"Not Fragile",0,0,NA,NA,NA,NA,NA,NA,NA,NA,NA
"21","Haiti","HTI","Haiti","Medium-Intensity conflict",10,7,0,0,1,1,1,1,1,"Fragile",10,"HTI",26734,-0.936109436046491,"Not Fragile",0,0,"Not Fragile",0,0,May 2021,26,3.29583686600433,110,4.70953020131233,0.765338742279123,0.768217425446321,4.12158364312434,8.82669371139561
"22","Honduras","HND","Honduras",NA,0,7,0,0,0,0,1,0,0,"Not Fragile",0,"HND",26370,1.56738264377144,"Fragile",247090,1.0915648462873,"Fragile",10,10,May 2021,68,4.23410650459726,159,5.07517381523383,-0.360591186494067,0.303003973190331,5.18443437743894,3.19704406752966
"23","Peru","PER","Peru",NA,0,7,0,0,0,0,0,0,0,"Not Fragile",0,"PER",2765,-0.426586156798441,"Not Fragile",0,0,"Not Fragile",0,0,May 2021,18,2.94443897916644,18,2.94443897916644,1.32402347193438,0.754098579714454,1.94599475947212,10
"24","Serbia","SRB","Serbia",NA,0,7,0,0,0,0,0,0,0,"Not Fragile",0,"SRB",31251,-0.94833170844797,"Not Fragile",214696,-1.21332535272532,"Not Fragile",0,0,May 2021,0,0,0,0,-0.637069769214592,0.439213803306302,0.279809836308209,0
"25","Somalia","SOM","Somalia","High-Intensity Conflict",0,7,0,0,1,0,0,0,0,"Not Fragile",0,"SOM",905109,-1.26019120084474,"Not Fragile",2648000,1.10586606533145,"Fragile",0,10,May 2021,230,5.44241771052179,750,6.62140565176413,-1.10274244126751,0.225788303196765,6.87039199644098,0
"26","Yemen","YEM","Yemen","High-Intensity Conflict",0,7,0,0,0,0,0,0,0,"Not Fragile",0,"YEM",36518,1.26321050998283,"Fragile",3625716,1.42379318160516,"Fragile",10,10,May 2021,1343,7.20340552108309,5689,8.64646552712038,-0.308198845299327,0.332351518517592,8.74889588136098,3.45900577350337
"27","Armenia","ARM","Armenia","High-Intensity Conflict",0,7,0,0,0,0,0,0,0,"Not Fragile",0,"ARM",10962,-0.315520370282834,"Not Fragile",0,0,"Not Fragile",0,0,May 2021,1,0.693147180559945,1,0.693147180559945,-0.170009899722532,0.837893187587888,0.835597317359955,0
"28","Cameroon","CMR","Cameroon","Medium-Intensity conflict",10,7,0,0,0,0,0,0,0,"Not Fragile",0,"CMR",66305,1.67813660179826,"Fragile",950263,1.60195564922123,"Fragile",10,10,May 2021,139,4.9416424226093,373,5.92425579741453,-0.164736095929421,0.281671101380454,5.97065719499209,4.17631952035289
"29","Colombia","COL","Colombia",NA,0,7,0,0,0,0,0,0,0,"Not Fragile",0,"COL",189448,-0.706126498792975,"Not Fragile",7976412,0.925617165531393,"Not Fragile",0,9.25617165531393,May 2021,152,5.03043792139244,362,5.89440283426485,2.54969639621999,0.218495843551448,5.33730476937268,10
"30","Congo DR","COD","Congo DR","Medium-Intensity conflict",10,7,0,0,0,0,0,0,0,"Not Fragile",0,"COD",807374,1.56403886099755,"Fragile",5014253,1.14180648423752,"Fragile",10,10,May 2021,377,5.93489419561959,1302,7.17242457712485,0.54725076649464,0.383485409581466,6.96256189279188,7.7362538324732
"31","Grenada","GRD","Grenada",NA,0,7,0,0,0,0,0,0,0,"Not Fragile",0,"GRD",80,-0.774242454443631,"Not Fragile",0,0,"Not Fragile",0,0,NA,NA,NA,NA,NA,NA,NA,NA,NA
"32","Guinea","GIN","Guinea",NA,0,7,0,0,0,0,0,0,0,"Not Fragile",0,"GIN",26857,1.53945835226344,"Fragile",0,0,"Not Fragile",10,0,May 2021,3,1.38629436111989,14,2.70805020110221,0.0833716671503922,0.857424842322976,2.63656526254158,5.41685833575196
"33","Iran","IRN","Iran",NA,0,7,0,0,0,0,0,0,0,"Not Fragile",0,"IRN",129676,1.04474648784747,"Fragile",0,0,"Not Fragile",10,0,May 2021,32,3.49650756146648,59,4.0943445622221,0.289666772246487,1.02693407798487,3.7968758825423,6.44833386123243
"34","Kenya","KEN","Kenya",NA,0,7,0,0,0,0,0,0,0,"Not Fragile",0,"KEN",8018,0.435541427883199,"Not Fragile",0,0,"Not Fragile",4.35541427883199,0,May 2021,30,3.43398720448515,50,3.93182563272433,-0.674382475310751,0.4568775045553,4.23993581516013,1.62808762344625
"35","Malawi","MWI","Malawi",NA,0,7,0,0,0,0,0,0,0,"Not Fragile",0,"MWI",606,1.82232714257596,"Fragile",0,0,"Not Fragile",10,0,May 2021,3,1.38629436111989,9,2.30258509299405,0.366650617375846,0.876099771929827,1.98136257073314,6.83325308687923
"36","Mali","MLI","Mali","Medium-Intensity conflict",10,7,0,0,0,0,1,0,1,"Fragile",10,"MLI",164461,1.24660321795105,"Fragile",207751,1.74960087178116,"Fragile",10,10,May 2021,129,4.86753445045558,519,6.25382881157547,-0.0148807118136219,0.316156483889227,6.25853344510024,4.92559644093189
"37","Montenegro","MNE","Montenegro",NA,0,7,0,0,0,0,0,0,0,"Not Fragile",0,"MNE",659,-0.30646975535114,"Not Fragile",0,0,"Not Fragile",0,0,May 2021,0,0,0,0,-0.22965884051402,0.210860298224845,0.0484259316007582,0
"38","Nigeria","NGA","Nigeria","Medium-Intensity conflict",10,7,0,0,0,0,0,0,0,"Not Fragile",0,"NGA",295569,1.04268911025947,"Fragile",2195779,0.609947170799869,"Not Fragile",10,6.09947170799869,May 2021,744,6.61338421837956,2599,7.86326672400957,1.36236381354777,0.348140194931348,7.38897312039364,10
"39","Papua New Guinea","PNG","Papua New Guinea","High-Institutional and Social Fragility",10,7,0,0,0,0,0,0,0,"Not Fragile",0,"PNG",475,1.2939952073631,"Fragile",0,0,"Not Fragile",10,0,NA,NA,NA,NA,NA,NA,NA,NA,NA
"40","Romania","ROU","Romania",NA,0,7,0,0,0,0,0,0,0,"Not Fragile",0,"ROU",1352,-0.233097320374134,"Not Fragile",0,0,"Not Fragile",0,0,NA,NA,NA,NA,NA,NA,NA,NA,NA
"41","South Africa","ZAF","South Africa",NA,0,7,0,0,0,0,0,0,0,"Not Fragile",0,"ZAF",441,-0.489367958060598,"Not Fragile",0,0,"Not Fragile",0,0,May 2021,23,3.17805383034795,73,4.30406509320417,1.72480636535128,0.376111251787756,3.65534601204041,10
"42","Tajikistan","TJK","Tajikistan",NA,0,7,0,0,0,0,0,0,0,"Not Fragile",0,"TJK",1987,1.42161577602132,"Fragile",0,0,"Not Fragile",10,0,May 2021,0,0,19,2.99573227355399,0.808580653339692,1.42300443392621,1.84511841866465,9.04290326669846
"43","Zambia","ZMB","Zambia",NA,0,7,0,0,0,0,1,0,0,"Not Fragile",0,"ZMB",261,-0.615224459448262,"Not Fragile",0,0,"Not Fragile",0,0,May 2021,1,0.693147180559945,1,0.693147180559945,-1.02586777733149,0.810395787562987,1.52450610590599,0
"44","Albania","ALB","Albania",NA,0,7,0,0,0,0,0,0,0,"Not Fragile",0,"ALB",15027,1.5541571734092,"Fragile",0,0,"Not Fragile",10,0,May 2021,0,0,1,0.693147180559945,2.53501790713077,0.237451420945496,0.0912035763894665,5
"45","Antigua and Barbuda","ATG","Antigua and Barbuda",NA,0,7,0,0,0,0,0,0,0,"Not Fragile",0,"ATG",117,1.17174560191597,"Fragile",0,0,"Not Fragile",10,0,NA,NA,NA,NA,NA,NA,NA,NA,NA
"46","Argentina","ARG","Argentina",NA,0,7,0,0,0,0,0,0,0,"Not Fragile",0,"ARG",99,-0.732713904183309,"Not Fragile",0,0,"Not Fragile",0,0,May 2021,0,0,0,0,-2.60714029109265,0.635406123768159,1.65659290648297,0
"47","Barbados","BRB","Barbados",NA,0,7,0,0,0,0,0,0,0,"Not Fragile",0,"BRB",243,1.34088870175738,"Fragile",0,0,"Not Fragile",10,0,NA,NA,NA,NA,NA,NA,NA,NA,NA
"48","Bolivia","BOL","Bolivia",NA,0,7,0,0,0,0,0,0,0,"Not Fragile",0,"BOL",514,-0.6732111256455,"Not Fragile",0,0,"Not Fragile",0,0,May 2021,0,0,1,0.693147180559945,-0.391287721703208,0.922677962663604,1.05417973843634,0
"49","Burkina Faso","BFA","Burkina Faso","Medium-Intensity conflict",10,7,0,0,0,0,0,0,0,"Not Fragile",0,"BFA",11733,1.31831772262101,"Fragile",560033,2.03427826532239,"Fragile",10,10,May 2021,212,5.36129216570943,365,5.90263333340137,0.241156843398409,1.10938810297933,5.63509680038312,6.20578421699205
"50","Dominica","DMA","Dominica",NA,0,7,0,0,0,0,0,0,0,"Not Fragile",0,"DMA",50,1.59956569126811,"Fragile",0,0,"Not Fragile",10,0,May 2021,0,0,0,0,-0.434613493680177,0.265809809803872,0.115524530093324,0
"51","Egypt","EGY","Egypt",NA,0,7,0,0,0,0,0,0,0,"Not Fragile",0,"EGY",27506,1.41624140077697,"Fragile",0,0,"Not Fragile",10,0,May 2021,21,3.09104245335832,66,4.20469261939097,-2.43444056675083,0.438887596019158,5.27313838738376,0
"52","El Salvador","SLV","El Salvador",NA,0,7,0,0,0,0,0,0,0,"Not Fragile",0,"SLV",41850,1.51927279010678,"Fragile",71500,0.912862417558222,"Not Fragile",10,9.12862417558222,May 2021,41,3.73766961828337,99,4.60517018598809,-0.667855418917749,0.515349248477167,4.94934897421876,1.66072290541126
"53","Eritrea","ERI","Eritrea","High-Institutional and Social Fragility",10,7,0,0,0,0,0,0,0,"Not Fragile",0,"ERI",505118,0.871716142264191,"Not Fragile",0,0,"Not Fragile",8.71716142264191,0,NA,NA,NA,NA,NA,NA,NA,NA,NA
"54","Georgia","GEO","Georgia",NA,0,7,0,0,0,0,0,0,0,"Not Fragile",0,"GEO",7519,1.78804356036889,"Fragile",286216,1.24713885560134,"Fragile",10,10,May 2021,0,0,0,0,-0.812331407795239,0.398681922932154,0.32386184771799,0
"55","Guatemala","GTM","Guatemala",NA,0,7,0,0,0,0,0,0,0,"Not Fragile",0,"GTM",22770,1.4029439640076,"Fragile",0,0,"Not Fragile",10,0,May 2021,18,2.94443897916644,50,3.93182563272433,-1.97374824078033,0.579952085590544,5.07650504139555,0
"56","Lesotho","LSO","Lesotho",NA,0,7,0,0,0,0,0,0,0,"Not Fragile",0,"LSO",6,-0.596670578370261,"Not Fragile",0,0,"Not Fragile",0,0,May 2021,1,0.693147180559945,2,1.09861228866811,0.65410080224577,0.475618714485017,0.787509705960359,0
"57","Mauritius","MUS","Mauritius",NA,0,7,0,0,0,0,0,0,0,"Not Fragile",0,"MUS",178,1.48921772775335,"Fragile",0,0,"Not Fragile",10,0,NA,NA,NA,NA,NA,NA,NA,NA,NA
"58","Myanmar","MMR","Myanmar","Medium-Intensity conflict",10,7,0,0,0,0,0,0,0,"Not Fragile",0,"MMR",1078268,0.774765179393668,"Not Fragile",312018,-1.34792677341101,"Not Fragile",7.74765179393668,0,May 2021,831,6.72383244082121,2041,7.62168499872461,2.42737633520854,1.0127904844099,5.16326134434363,10
"59","Pakistan","PAK","Pakistan",NA,0,7,0,0,0,0,0,0,0,"Not Fragile",0,"PAK",137190,-0.52438828070465,"Not Fragile",100680,-0.80775647078577,"Not Fragile",0,0,May 2021,135,4.91265488573605,330,5.80211837537706,0.846184265048275,0.292019205248871,5.55501631880357,9.23092132524137
"60","Seychelles","SYC","Seychelles",NA,0,7,0,0,0,0,0,0,0,"Not Fragile",0,"SYC",15,-0.0655403131366347,"Not Fragile",0,0,"Not Fragile",0,0,NA,NA,NA,NA,NA,NA,NA,NA,NA
"61","Spain","ESP","Spain",NA,0,7,0,0,0,0,0,0,0,"Not Fragile",0,"ESP",51,0.248164935593026,"Not Fragile",0,0,"Not Fragile",2.48164935593026,0,May 2021,0,0,0,0,-0.483045891539648,0.286990198115805,0.138629436111989,0
"62","Suriname","SUR","Suriname",NA,0,7,0,0,0,0,0,0,0,"Not Fragile",0,"SUR",17,-0.456435464587638,"Not Fragile",0,0,"Not Fragile",0,0,May 2021,0,0,0,0,-0.629159254278396,0.591503246806638,0.372149741664114,0
"63","Syria","SYR","Syria","High-Intensity Conflict",0,7,0,0,0,0,0,0,0,"Not Fragile",0,"SYR",6616983,0.880037692542316,"Not Fragile",6146994,-0.612761714665747,"Not Fragile",8.80037692542316,0,May 2021,422,6.04737217904628,1378,7.2291138777933,-1.53073039815579,0.557515419621392,8.08251967804835,0
"64","Timor-Leste","TLS","Timor-Leste","High-Institutional and Social Fragility",10,7,0,0,0,0,0,0,0,"Not Fragile",0,"TLS",17,0.467382714637317,"Not Fragile",0,0,"Not Fragile",4.67382714637317,0,NA,NA,NA,NA,NA,NA,NA,NA,NA
"65","Trinidad and Tobago","TTO","Trinidad and Tobago",NA,0,7,0,0,0,0,0,0,0,"Not Fragile",0,"TTO",307,-0.674458147041217,"Not Fragile",0,0,"Not Fragile",0,0,May 2021,14,2.70805020110221,39,3.68887945411394,-0.286771093695623,0.345868473952244,3.78806453466406,3.56614453152189
"66","Tunisia","TUN","Tunisia",NA,0,7,0,0,0,0,0,0,0,"Not Fragile",0,"TUN",2068,1.2806501226167,"Fragile",0,0,"Not Fragile",10,0,May 2021,5,1.79175946922805,12,2.56494935746154,1.0564435902367,0.638773292621287,1.89012140685738,10
"67","Uganda","UGA","Uganda",NA,0,7,0,0,0,0,0,0,0,"Not Fragile",0,"UGA",7479,1.34761456825745,"Fragile",0,0,"Not Fragile",10,0,May 2021,50,3.93182563272433,90,4.51085950651685,1.22430960115948,0.473372538269672,3.93130496298806,10
"68","Venezuela","VEN","Venezuela","High-Institutional and Social Fragility",10,7,0,0,0,0,0,0,0,"Not Fragile",0,"VEN",93280,2.01712209896068,"Fragile",0,0,"Not Fragile",10,0,May 2021,21,3.09104245335832,89,4.49980967033027,-0.865133070521912,0.634983227130535,5.04915465934762,0.674334647390442
"69","Angola","AGO","Angola",NA,0,7,0,0,0,0,0,0,0,"Not Fragile",0,"AGO",8178,-0.617038747364037,"Not Fragile",0,0,"Not Fragile",0,0,May 2021,1,0.693147180559945,11,2.484906649788,0.278578383564274,0.861976839155584,2.2447785352662,6.39289191782137
"70","Bahamas","BHS","Bahamas",NA,0,7,0,0,0,0,0,0,0,"Not Fragile",0,"BHS",501,1.41129141023489,"Fragile",0,0,"Not Fragile",10,0,May 2021,0,0,0,0,-0.495404072215703,0.529257677933568,0.262196408899717,0
"71","Belize","BLZ","Belize",NA,0,7,0,0,0,0,0,0,0,"Not Fragile",0,"BLZ",73,1.18647523454624,"Fragile",0,0,"Not Fragile",10,0,May 2021,12,2.56494935746154,19,2.99573227355399,1.26116035443335,0.32883548224796,2.58101800021189,10
"72","Bosnia and Herzegovina","BIH","Bosnia and Herzegovina",NA,0,7,0,0,0,0,0,0,0,"Not Fragile",0,"BIH",16556,-0.93335677026282,"Not Fragile",96421,0.169529125743,"Not Fragile",0,1.69529125743,May 2021,0,0,0,0,-0.427277181082356,0.256143544549047,0.10944429166736,0
"73","Botswana","BWA","Botswana",NA,0,7,0,0,0,0,0,0,0,"Not Fragile",0,"BWA",228,-1.25822114835879,"Not Fragile",0,0,"Not Fragile",0,0,May 2021,0,0,0,0,-0.810567670211269,0.682647406814126,0.55333191811709,0
"74","Brunei Darussalam","BRN","Brunei Darussalam",NA,0,7,0,0,0,0,0,0,0,"Not Fragile",0,NA,NA,NA,NA,NA,NA,NA,NA,NA,NA,NA,NA,NA,NA,NA,NA,NA,NA
"75","Bulgaria","BGR","Bulgaria",NA,0,7,0,0,0,0,0,0,0,"Not Fragile",0,"BGR",561,-0.871231881878731,"Not Fragile",0,0,"Not Fragile",0,0,May 2021,0,0,0,0,NA,0,0,0
"76","Cyprus","CYP","Cyprus",NA,0,7,0,0,0,0,0,0,0,"Not Fragile",0,NA,NA,NA,NA,NA,NA,NA,NA,NA,May 2021,0,0,0,0,-0.427277181082356,0.256143544549047,0.10944429166736,0
"77","Djibouti","DJI","Djibouti",NA,0,7,0,0,0,0,0,0,0,"Not Fragile",0,"DJI",2351,1.28112525334595,"Fragile",0,0,"Not Fragile",10,0,NA,NA,NA,NA,NA,NA,NA,NA,NA
"78","Ecuador","ECU","Ecuador",NA,0,7,0,0,0,0,0,0,0,"Not Fragile",0,"ECU",1652,1.47770974926607,"Fragile",0,0,"Not Fragile",10,0,May 2021,0,0,0,0,-1.57067995672856,0.844984489153101,1.32720020085929,0
"79","Equatorial Guinea","GNQ","Equatorial Guinea",NA,0,7,0,0,0,0,0,0,0,"Not Fragile",0,"GNQ",156,0.775242974459673,"Not Fragile",0,0,"Not Fragile",7.75242974459673,0,NA,NA,NA,NA,NA,NA,NA,NA,NA
"80","Fiji","FJI","Fiji",NA,0,7,0,0,0,0,0,0,0,"Not Fragile",0,"FJI",591,-1.3858298566824,"Not Fragile",0,0,"Not Fragile",0,0,NA,NA,NA,NA,NA,NA,NA,NA,NA
"81","Greece","GRC","Greece",NA,0,7,0,0,0,0,0,0,0,"Not Fragile",0,"GRC",95,-1.68105349713061,"Not Fragile",0,0,"Not Fragile",0,0,May 2021,0,0,2,1.09861228866811,0.513867700479682,0.594850604291082,0.792937776512103,0
"82","Guyana","GUY","Guyana",NA,0,7,0,0,0,0,0,0,0,"Not Fragile",0,"GUY",284,-0.552100403420243,"Not Fragile",0,0,"Not Fragile",0,0,May 2021,0,0,0,0,-0.715968434560773,0.49625016930169,0.35529945686545,0
"83","Hungary","HUN","Hungary",NA,0,7,0,0,0,0,0,0,0,"Not Fragile",0,"HUN",4007,0.992320167941583,"Not Fragile",0,0,"Not Fragile",9.92320167941583,0,May 2021,0,0,0,0,NA,0,0,0
"84","Kazakhstan","KAZ","Kazakhstan",NA,0,7,0,0,0,0,0,0,0,"Not Fragile",0,"KAZ",2757,1.71167967944843,"Fragile",0,0,"Not Fragile",10,0,May 2021,0,0,0,0,-0.715691914255376,0.887928658398564,0.635483361251476,0
"85","Malaysia","MYS","Malaysia",NA,0,7,0,0,0,0,0,0,0,"Not Fragile",0,"MYS",1154,1.77301519619803,"Fragile",0,0,"Not Fragile",10,0,May 2021,5,1.79175946922805,6,1.94591014905531,1.47799081642845,0.661374654636734,0.968404483283681,10
"86","Nicaragua","NIC","Nicaragua",NA,0,7,0,0,0,0,1,0,0,"Not Fragile",0,"NIC",4376,2.03465121740807,"Fragile",0,0,"Not Fragile",10,0,May 2021,1,0.693147180559945,3,1.38629436111989,-0.466941718357558,1.41784396249204,2.04834485732881,0
"87","Oman","OMN","Oman",NA,0,7,0,0,0,0,0,0,0,"Not Fragile",0,"OMN",42,0.866383487489542,"Not Fragile",0,0,"Not Fragile",8.66383487489542,0,May 2021,0,0,0,0,NA,0,0,0
"88","Palau","PLW","Palau",NA,0,7,0,0,0,0,0,0,0,"Not Fragile",0,NA,NA,NA,NA,NA,NA,NA,NA,NA,NA,NA,NA,NA,NA,NA,NA,NA,NA
"89","Poland","POL","Poland",NA,0,7,0,0,0,0,0,0,0,"Not Fragile",0,"POL",961,-1.4747183103608,"Not Fragile",0,0,"Not Fragile",0,0,May 2021,0,0,0,0,NA,0,0,0
"90","Saint Lucia","LCA","Saint Lucia",NA,0,7,0,0,0,0,1,0,0,"Not Fragile",0,"LCA",843,-1.74813722035203,"Not Fragile",0,0,"Not Fragile",0,0,NA,NA,NA,NA,NA,NA,NA,NA,NA
"91","Solomon Islands","SLB","Solomon Islands","High-Institutional and Social Fragility",10,7,0,0,0,0,0,0,0,"Not Fragile",0,"SLB",27,-1.3886035456399,"Not Fragile",0,0,"Not Fragile",0,0,NA,NA,NA,NA,NA,NA,NA,NA,NA
"92","United Arab Emirates","ARE","United Arab Emirates",NA,0,7,0,0,0,0,0,0,0,"Not Fragile",0,"ARE",155,0.898169874732925,"Not Fragile",0,0,"Not Fragile",8.98169874732925,0,NA,NA,NA,NA,NA,NA,NA,NA,NA
"93","Azerbaijan","AZE","Azerbaijan","High-Intensity Conflict",0,7,0,0,0,0,0,0,0,"Not Fragile",0,"AZE",11626,1.31975423062987,"Fragile",652326,1.96547414660409,"Fragile",10,10,May 2021,0,0,4,1.6094379124341,-0.513775896904194,2.19748084920691,2.73845060666517,0
"94","Bahrain","BHR","Bahrain",NA,0,7,0,0,0,0,0,0,0,"Not Fragile",0,"BHR",557,1.09471273112377,"Fragile",0,0,"Not Fragile",10,0,May 2021,0,0,0,0,-0.288892102032128,0.189420705684762,0.0547221458336799,0
"95","Bangladesh","BGD","Bangladesh",NA,0,7,0,0,0,0,0,0,0,"Not Fragile",0,"BGD",22880,1.36000609956614,"Fragile",0,0,"Not Fragile",10,0,May 2021,28,3.36729582998647,121,4.80402104473326,1.07411380023257,0.460620872281141,4.30926180914092,10
"96","Bhutan","BTN","Bhutan",NA,0,7,0,0,0,0,0,0,0,"Not Fragile",0,"BTN",6980,-0.813753156882143,"Not Fragile",0,0,"Not Fragile",0,0,NA,NA,NA,NA,NA,NA,NA,NA,NA
"97","Burundi","BDI","Burundi","Medium-Intensity conflict",10,7,0,0,0,0,0,0,0,"Not Fragile",0,"BDI",381508,0.37781423106537,"Not Fragile",33256,-0.636472683801084,"Not Fragile",3.7781423106537,0,May 2021,41,3.73766961828337,73,4.30406509320417,-0.0479771741523341,0.327065958103647,4.31975679363541,4.76011412923833
"98","Cambodia","KHM","Cambodia",NA,0,7,0,0,0,0,0,0,0,"Not Fragile",0,"KHM",11986,-1.10204787482401,"Not Fragile",0,0,"Not Fragile",0,0,May 2021,2,1.09861228866811,3,1.38629436111989,0.781775262420075,0.585954262666284,0.928209813657794,0
"99","China","CHN","China",NA,0,7,0,0,0,0,0,0,0,"Not Fragile",0,"CHN",212863,0.907825286433064,"Not Fragile",0,0,"Not Fragile",9.07825286433064,0,May 2021,1,0.693147180559945,8,2.19722457733622,0.922005590527429,0.674198687194742,1.57560961861641,9.61002795263715
"100","Comoros","COM","Comoros","High-Institutional and Social Fragility",10,7,0,0,0,0,0,0,0,"Not Fragile",0,"COM",658,1.55798165441779,"Fragile",0,0,"Not Fragile",10,0,NA,NA,NA,NA,NA,NA,NA,NA,NA
"101","Congo","COG","Congo","High-Institutional and Social Fragility",10,7,0,0,0,0,0,0,0,"Not Fragile",0,"COG",13481,-0.44897588781665,"Not Fragile",134430,1.0122623397775,"Fragile",0,10,May 2021,0,0,0,0,-0.618933398226523,1.10871029296184,0.686217829271595,0
"102","France","FRA","France",NA,0,7,0,0,0,0,0,0,0,"Not Fragile",0,"FRA",50,-0.812736347605696,"Not Fragile",0,0,"Not Fragile",0,0,May 2021,1,0.693147180559945,4,1.6094379124341,0.957692616466643,0.780083965782274,0.862357258180399,0
"103","Gabon","GAB","Gabon",NA,0,7,0,0,0,0,0,0,0,"Not Fragile",0,"GAB",440,1.66103162772271,"Fragile",0,0,"Not Fragile",10,0,May 2021,1,0.693147180559945,1,0.693147180559945,0.298847497364292,0.628903920814514,0.505200817741937,0
"104","Gambia","GMB","Gambia",NA,0,7,0,0,0,0,1,0,0,"Not Fragile",0,"GMB",17813,1.06338662775506,"Fragile",0,0,"Not Fragile",10,0,May 2021,0,0,0,0,-0.801233616769775,0.576733315604349,0.462098120373297,0
"105","Germany","DEU","Germany",NA,0,7,0,0,0,0,1,0,0,"Not Fragile",0,"DEU",69,-0.575563163604791,"Not Fragile",0,0,"Not Fragile",0,0,May 2021,0,0,0,0,-0.657493539282152,0.871555800341143,0.573042307848187,0
"106","Kiribati","KIR","Kiribati","High-Institutional and Social Fragility",10,7,0,0,0,0,0,0,0,"Not Fragile",0,NA,NA,NA,NA,NA,NA,NA,NA,NA,NA,NA,NA,NA,NA,NA,NA,NA,NA
"107","Korea DPR","PRK","Korea DPR",NA,0,7,0,0,0,0,0,0,0,"Not Fragile",0,"PRK",758,-1.24899074549924,"Not Fragile",0,0,"Not Fragile",0,0,May 2021,4,1.6094379124341,14,2.70805020110221,1.8372999954326,1.00961139966013,0.853091181117958,10
"108","Kuwait","KWT","Kuwait",NA,0,7,0,0,0,0,0,0,0,"Not Fragile",0,"KWT",1300,1.39386697607858,"Fragile",0,0,"Not Fragile",10,0,May 2021,0,0,0,0,-0.434613493680177,0.265809809803872,0.115524530093324,0
"109","Luxembourg","LUX","Luxembourg",NA,0,7,0,0,0,0,0,0,0,"Not Fragile",0,"LUX",5,NA,NA,0,NA,NA,NA,NA,May 2021,0,0,0,0,NA,0,0,0
"110","Madagascar","MDG","Madagascar",NA,0,7,0,0,0,0,0,0,0,"Not Fragile",0,"MDG",298,0.981126590930235,"Not Fragile",0,0,"Not Fragile",9.81126590930235,0,May 2021,35,3.58351893845611,76,4.34380542185368,0.381123933003377,0.533291673844199,4.14055520168023,6.90561966501688
"111","Malta","MLT","Malta",NA,0,7,0,0,0,0,0,0,0,"Not Fragile",0,"MLT",5,NA,NA,0,0,"Not Fragile",NA,0,May 2021,0,0,0,0,NA,0,0,0
"112","Mexico","MEX","Mexico",NA,0,7,0,0,0,0,0,0,0,"Not Fragile",0,"MEX",14621,1.70312630325898,"Fragile",0,0,"Not Fragile",10,0,May 2021,640,6.46302945692067,2098,7.64921631982063,-0.736891336758216,0.10262462590243,7.72483951758619,1.31554331620892
"113","Micronesia","FSM","Micronesia","High-Institutional and Social Fragility",10,NA,NA,NA,NA,NA,NA,NA,NA,NA,NA,NA,NA,NA,NA,NA,NA,NA,NA,NA,NA,NA,NA,NA,NA,NA,NA,NA,NA
"114","Moldova Republic of","MDA","Moldova Republic of",NA,0,7,0,0,0,0,1,0,0,"Not Fragile",0,"MDA",2427,1.30853749149126,"Fragile",0,0,"Not Fragile",10,0,May 2021,0,0,0,0,NA,0,0,0
"115","Mongolia","MNG","Mongolia",NA,0,7,0,0,0,0,0,0,0,"Not Fragile",0,"MNG",2364,1.65648617260322,"Fragile",0,0,"Not Fragile",10,0,May 2021,0,0,0,0,-0.288892102032128,0.189420705684762,0.0547221458336799,0
"116","Morocco","MAR","Morocco",NA,0,7,0,0,0,0,0,0,0,"Not Fragile",0,"MAR",4637,1.4447580601018,"Fragile",0,0,"Not Fragile",10,0,May 2021,3,1.38629436111989,8,2.19722457733622,1.91611396453056,0.726147110298946,0.805843958988899,10
"117","Nauru","NRU","Nauru",NA,0,7,0,0,0,0,0,0,0,"Not Fragile",0,NA,NA,NA,NA,NA,NA,NA,NA,NA,NA,NA,NA,NA,NA,NA,NA,NA,NA
"118","Panama","PAN","Panama",NA,0,7,0,0,0,0,0,0,0,"Not Fragile",0,"PAN",45,-0.291704337531101,"Not Fragile",0,0,"Not Fragile",0,0,May 2021,1,0.693147180559945,1,0.693147180559945,0.540098800710365,0.447326166210584,0.451546854663243,0
"119","Rwanda","RWA","Rwanda",NA,0,7,0,0,0,0,0,0,0,"Not Fragile",0,"RWA",246698,0.160986519246742,"Not Fragile",0,0,"Not Fragile",1.60986519246742,0,May 2021,2,1.09861228866811,5,1.79175946922805,-0.184646734947478,0.946395184727368,1.96650825005798,0
"120","Samoa","WSM","Samoa",NA,0,7,0,0,0,0,0,0,0,"Not Fragile",0,NA,NA,NA,NA,NA,NA,NA,NA,NA,NA,NA,NA,NA,NA,NA,NA,NA,NA
"121","Sao Tome and Principe","STP","Sao Tome and Principe",NA,0,7,0,0,0,0,1,0,0,"Not Fragile",0,"STP",28,-0.0485872170243174,"Not Fragile",0,0,"Not Fragile",0,0,NA,NA,NA,NA,NA,NA,NA,NA,NA
"122","Saudi Arabia","SAU","Saudi Arabia",NA,0,7,0,0,0,0,0,0,0,"Not Fragile",0,"SAU",1762,1.41318624673659,"Fragile",0,0,"Not Fragile",10,0,May 2021,0,0,0,0,-1.73862779549149,2.23711065562779,3.88950276746467,0
"123","Senegal","SEN","Senegal",NA,0,7,0,0,0,0,0,0,0,"Not Fragile",0,"SEN",17203,-1.25905014328262,"Not Fragile",0,0,"Not Fragile",0,0,May 2021,5,1.79175946922805,15,2.77258872223978,2.15804029604586,0.857789046112529,0.921445395222207,10
"124","Sierra Leone","SLE","Sierra Leone",NA,0,7,0,0,0,0,0,0,0,"Not Fragile",0,"SLE",5268,1.53153181802356,"Fragile",0,0,"Not Fragile",10,0,May 2021,0,0,1,0.693147180559945,-0.50903689850247,1.04352046520175,1.2243376016901,0
"125","Tanzania","TZA","Tanzania",NA,0,7,0,0,0,0,0,0,0,"Not Fragile",0,"TZA",849,0.960022300727691,"Not Fragile",0,0,"Not Fragile",9.60022300727691,0,May 2021,2,1.09861228866811,5,1.79175946922805,-0.0957155623680195,1.01730968368021,1.88913183770394,0
"126","Togo","TGO","Togo",NA,0,7,0,0,0,0,0,0,0,"Not Fragile",0,"TGO",8022,-0.785466331025076,"Not Fragile",0,0,"Not Fragile",0,0,May 2021,0,0,1,0.693147180559945,-0.451922138786489,0.71395372985102,1.01579867714881,0
"127","Turkey","TUR","Turkey",NA,0,7,0,0,0,0,0,0,0,"Not Fragile",0,"TUR",83271,1.86212507300506,"Fragile",0,0,"Not Fragile",10,0,May 2021,30,3.43398720448515,75,4.33073334028633,-0.792155092192683,1.02139749899689,5.13983857026959,1.03922453903659
"128","Turkmenistan","TKM","Turkmenistan",NA,0,7,0,0,0,0,0,0,0,"Not Fragile",0,"TKM",478,0.9334301635647,"Not Fragile",0,0,"Not Fragile",9.33430163564701,0,NA,NA,NA,NA,NA,NA,NA,NA,NA
"129","Tuvalu","TUV","Tuvalu","High-Institutional and Social Fragility",10,7,0,0,0,0,0,0,0,"Not Fragile",0,NA,NA,NA,NA,NA,NA,NA,NA,NA,NA,NA,NA,NA,NA,NA,NA,NA,NA
"130","Uzbekistan","UZB","Uzbekistan",NA,0,7,0,0,0,0,1,0,0,"Not Fragile",0,"UZB",3217,-0.919359957850771,"Not Fragile",0,0,"Not Fragile",0,0,May 2021,0,0,0,0,-1.0268425165477,0.448608668078648,0.460650453674991,0
"131","Vanuatu","VUT","Vanuatu",NA,0,7,0,0,0,0,0,0,0,"Not Fragile",0,NA,NA,NA,NA,NA,NA,NA,NA,NA,NA,NA,NA,NA,NA,NA,NA,NA,NA
"132","Australia","AUS","Australia",NA,0,7,0,0,0,0,0,0,0,"Not Fragile",0,"AUS",20,0.420658080477572,"Not Fragile",0,0,"Not Fragile",4.20658080477572,0,NA,NA,NA,NA,NA,NA,NA,NA,NA
"133","Austria","AUT","Austria",NA,0,7,0,0,0,0,0,0,0,"Not Fragile",0,"AUT",18,0.445304527496819,"Not Fragile",0,0,"Not Fragile",4.4530452749682,0,May 2021,0,0,0,0,-0.685074618431601,0.725441165949749,0.4969813299576,0
"134","Belgium","BEL","Belgium",NA,0,7,0,0,0,0,0,0,0,"Not Fragile",0,"BEL",34,-1.2982877324458,"Not Fragile",0,0,"Not Fragile",0,0,May 2021,0,0,2,1.09861228866811,2.21711210812353,0.40860398300221,0.192691450526411,5
"135","Chile","CHL","Chile",NA,0,7,0,0,0,0,1,0,0,"Not Fragile",0,"CHL",486,-0.690088098351043,"Not Fragile",0,0,"Not Fragile",0,0,May 2021,2,1.09861228866811,3,1.38629436111989,-0.143233011500103,0.88203134869888,1.51263036743153,0
"136","Cuba","CUB","Cuba",NA,0,7,0,0,0,0,0,0,0,"Not Fragile",0,"CUB",6631,0.410021762404182,"Not Fragile",0,0,"Not Fragile",4.10021762404182,0,May 2021,0,0,0,0,-0.731674145131987,0.438979401065041,0.321189878004816,0
"137","Czech Republic","CZE","Czech Republic",NA,0,7,0,0,0,0,1,0,0,"Not Fragile",0,"CZE",1166,-1.73827650332547,"Not Fragile",0,0,"Not Fragile",0,0,May 2021,0,0,0,0,NA,0,0,0
"138","Dominican Republic","DOM","Dominican Republic",NA,0,7,0,0,0,0,0,0,0,"Not Fragile",0,"DOM",546,1.62535555331188,"Fragile",0,0,"Not Fragile",10,0,May 2021,0,0,0,0,-1.57443926164174,0.660007498153884,1.03914171807141,0
"139","Estonia","EST","Estonia",NA,0,7,0,0,0,0,0,0,0,"Not Fragile",0,"EST",269,-1.18120074792611,"Not Fragile",0,0,"Not Fragile",0,0,May 2021,0,0,0,0,NA,0,0,0
"140","Iceland","ISL","Iceland",NA,0,7,0,0,0,0,1,0,0,"Not Fragile",0,"ISL",5,NA,NA,0,0,"Not Fragile",NA,0,May 2021,0,0,0,0,-0.552770798392567,0.626975215202745,0.346573590279973,0
"141","India","IND","India",NA,0,7,0,0,0,0,0,0,0,"Not Fragile",0,"IND",11979,1.44499529659935,"Fragile",0,0,"Not Fragile",10,0,May 2021,113,4.7361984483945,314,5.75257263882563,-0.505825279675528,0.336753416629088,5.92291102997373,2.47087360162236
"142","Ireland","IRL","Ireland",NA,0,7,0,0,0,0,0,0,0,"Not Fragile",0,NA,NA,NA,NA,NA,NA,NA,NA,NA,May 2021,0,0,0,0,NA,0,0,0
"143","Israel","ISR","Israel",NA,0,7,0,0,0,0,0,0,0,"Not Fragile",0,"ISR",452,-0.727804036068861,"Not Fragile",0,0,"Not Fragile",0,0,May 2021,15,2.77258872223978,16,2.83321334405622,2.59330724000293,0.810404063919091,0.731586617767042,10
"144","Italy","ITA","Italy",NA,0,7,0,0,0,0,0,0,0,"Not Fragile",0,"ITA",76,1.23058397420197,"Fragile",0,0,"Not Fragile",10,0,May 2021,0,0,0,0,NA,0,0,0
"145","Japan","JPN","Japan",NA,0,7,0,0,0,0,1,0,0,"Not Fragile",0,"JPN",39,-0.647047407709208,"Not Fragile",0,0,"Not Fragile",0,0,May 2021,0,0,0,0,NA,0,0,0
"146","Jordan","JOR","Jordan",NA,0,7,0,0,0,0,0,0,0,"Not Fragile",0,"JOR",2384,1.07984489293958,"Fragile",0,0,"Not Fragile",10,0,May 2021,0,0,0,0,-0.821198156350346,0.757928010879686,0.622409085180682,0
"147","Latvia","LVA","Latvia",NA,0,7,0,0,0,0,0,0,0,"Not Fragile",0,"LVA",144,-1.0960069245997,"Not Fragile",0,0,"Not Fragile",0,0,May 2021,0,0,0,0,NA,0,0,0
"148","Liberia","LBR","Liberia",NA,0,7,0,0,0,0,0,0,0,"Not Fragile",0,"LBR",5375,-0.750957565241001,"Not Fragile",0,0,"Not Fragile",0,0,May 2021,1,0.693147180559945,1,0.693147180559945,0.142322375926496,0.563282357212873,0.612979497163932,0
"149","Lithuania","LTU","Lithuania",NA,0,7,0,0,0,0,0,0,0,"Not Fragile",0,"LTU",61,-0.771900741138046,"Not Fragile",0,0,"Not Fragile",0,0,May 2021,0,0,0,0,NA,0,0,0
"150","Netherlands","NLD","Netherlands",NA,0,7,0,0,0,0,0,0,0,"Not Fragile",0,"NLD",55,0.444749589996661,"Not Fragile",0,0,"Not Fragile",4.44749589996661,0,May 2021,0,0,0,0,-0.483045891539648,0.286990198115805,0.138629436111989,0
"151","New Zealand","NZL","New Zealand",NA,0,7,0,0,0,0,0,0,0,"Not Fragile",0,"NZL",34,0.83805732128727,"Not Fragile",0,0,"Not Fragile",8.3805732128727,0,NA,NA,NA,NA,NA,NA,NA,NA,NA
"152","North Macedonia","MKD","North Macedonia",NA,0,7,0,0,0,0,0,0,0,"Not Fragile",0,"MKD",1784,1.05834746854342,"Fragile",0,0,"Not Fragile",10,0,May 2021,0,0,0,0,-0.288892102032128,0.189420705684762,0.0547221458336799,0
"153","Philippines","PHL","Philippines",NA,0,7,0,0,0,0,0,0,0,"Not Fragile",0,"PHL",552,0.239865790037115,"Not Fragile",178897,0.378315416348216,"Not Fragile",2.39865790037115,3.78315416348216,May 2021,127,4.85203026391962,361,5.89164421182577,-0.664244814286401,0.155895763299022,5.99519716416637,1.67877592856799
"154","Portugal","PRT","Portugal",NA,0,7,0,0,0,0,0,0,0,"Not Fragile",0,"PRT",25,0.340637278162948,"Not Fragile",0,0,"Not Fragile",3.40637278162948,0,May 2021,0,0,0,0,-0.788810637746616,0.351489773281988,0.277258872223978,0
"155","Qatar","QAT","Qatar",NA,0,7,0,0,0,0,0,0,0,"Not Fragile",0,"QAT",36,1.47621779149348,"Fragile",0,0,"Not Fragile",10,0,May 2021,0,0,0,0,NA,0,0,0
"156","Saint Kitts and Nevis","KNA","Saint Kitts and Nevis",NA,0,7,0,0,0,0,0,0,0,"Not Fragile",0,"KNA",57,0.824630936376858,"Not Fragile",0,0,"Not Fragile",8.24630936376858,0,NA,NA,NA,NA,NA,NA,NA,NA,NA
"157","Saint Vincent and the Grenadines","VCT","Saint Vincent and the Grenadines",NA,0,7,0,0,0,0,0,0,0,"Not Fragile",0,"VCT",979,-1.35199277292181,"Not Fragile",0,0,"Not Fragile",0,0,May 2021,0,0,NA,NA,NA,NA,NA,NA
"158","Singapore","SGP","Singapore",NA,0,7,0,0,0,0,0,0,0,"Not Fragile",0,"SGP",39,-1.06998122090255,"Not Fragile",0,0,"Not Fragile",0,0,NA,NA,NA,NA,NA,NA,NA,NA,NA
"159","Slovenia","SVN","Slovenia",NA,0,7,0,0,0,0,0,0,0,"Not Fragile",0,"SVN",19,-0.429844406940441,"Not Fragile",0,0,"Not Fragile",0,0,May 2021,0,0,0,0,NA,0,0,0
"160","Sweden","SWE","Sweden",NA,0,7,0,0,0,0,0,0,0,"Not Fragile",0,"SWE",13,-0.997965409896352,"Not Fragile",0,0,"Not Fragile",0,0,May 2021,0,0,0,0,-0.483045891539648,0.286990198115805,0.138629436111989,0
"161","Switzerland","CHE","Switzerland",NA,0,7,0,0,0,0,0,0,0,"Not Fragile",0,"CHE",5,-0.645497224367903,"Not Fragile",0,0,"Not Fragile",0,0,May 2021,0,0,0,0,NA,0,0,0
"162","Thailand","THA","Thailand",NA,0,7,0,0,0,0,0,0,0,"Not Fragile",0,"THA",482,1.98708598905359,"Fragile",0,0,"Not Fragile",10,0,May 2021,5,1.79175946922805,20,3.04452243772342,-1.00063469636055,0.519741651634829,3.56459396749297,0
"163","Tonga","TON","Tonga",NA,0,7,0,0,0,0,0,0,0,"Not Fragile",0,"TON",32,0.754390940465824,"Not Fragile",0,0,"Not Fragile",7.54390940465824,0,NA,NA,NA,NA,NA,NA,NA,NA,NA
"164","United States of America","USA","United States of America",NA,0,7,0,0,0,0,0,0,0,"Not Fragile",0,"USA",298,-0.650725555296907,"Not Fragile",0,0,"Not Fragile",0,0,May 2021,5,1.79175946922805,52,3.97029191355212,1.0932047887277,0.251342819475547,3.69552273968913,10
"165","Uruguay","URY","Uruguay",NA,0,7,0,0,0,0,0,0,0,"Not Fragile",0,"URY",15,-0.606907571243454,"Not Fragile",0,0,"Not Fragile",0,0,May 2021,0,0,0,0,-0.49509884067313,0.346607281085754,0.171604863034423,0
"166","Benin","BEN","Benin",NA,0,7,0,0,0,0,0,0,0,"Not Fragile",0,"BEN",716,1.26719618370564,"Fragile",0,0,"Not Fragile",10,0,May 2021,7,2.07944154167984,43,3.78418963391826,1.74884966312818,0.734835913437097,2.49907209424931,10
"167","Canada","CAN","Canada",NA,0,7,0,0,0,0,0,0,0,"Not Fragile",0,"CAN",71,-0.990090108158738,"Not Fragile",0,0,"Not Fragile",0,0,NA,NA,NA,NA,NA,NA,NA,NA,NA
"168","Costa Rica","CRI","Costa Rica",NA,0,7,0,0,0,0,0,0,0,"Not Fragile",0,"CRI",206,-0.604632674266815,"Not Fragile",0,0,"Not Fragile",0,0,May 2021,0,0,0,0,-0.910465304799611,0.749527981169199,0.682419221831052,0
"169","CÃ´te d'Ivoire","CIV","C™te d'Ivoire",NA,0,7,0,0,0,0,0,0,0,"Not Fragile",0,"CIV",39364,-0.744209377444576,"Not Fragile",0,-0.445655830397439,"Not Fragile",0,0,May 2021,3,1.38629436111989,14,2.70805020110221,0.326537281623513,1.01407650023438,2.37691641735739,6.63268640811756
"170","Denmark","DNK","Denmark",NA,0,7,0,0,0,0,0,0,0,"Not Fragile",0,"DNK",5,-1.15470053837925,"Not Fragile",0,0,"Not Fragile",0,0,May 2021,0,0,0,0,-0.483045891539648,0.286990198115805,0.138629436111989,0
"171","Eswatini","SWZ","Eswatini",NA,0,7,0,0,0,0,0,0,0,"Not Fragile",0,"SWZ",217,0.154761450969904,"Not Fragile",0,0,"Not Fragile",1.54761450969904,0,May 2021,0,0,2,1.09861228866811,0.835204088235952,0.626915293191126,0.575010072817241,0
"172","Finland","FIN","Finland",NA,0,7,0,0,0,0,0,0,0,"Not Fragile",0,NA,NA,NA,NA,NA,NA,NA,NA,NA,May 2021,0,0,0,0,-0.483045891539648,0.286990198115805,0.138629436111989,0
"173","Ghana","GHA","Ghana",NA,0,7,0,0,0,0,0,0,0,"Not Fragile",0,"GHA",18425,-0.199884968045506,"Not Fragile",0,0,"Not Fragile",0,0,May 2021,6,1.94591014905531,8,2.19722457733622,0.0627552325107562,0.732806941994132,2.15123710730588,5.31377616255378
"174","Guinea-Bissau","GNB","Guinea-Bissau","High-Institutional and Social Fragility",10,7,0,0,0,0,0,0,0,"Not Fragile",0,"GNB",2093,1.11766837773704,"Fragile",0,0,"Not Fragile",10,0,May 2021,0,0,0,0,-0.83088088383003,0.661176460358457,0.549358881750246,0
"175","Indonesia","IDN","Indonesia",NA,0,7,0,0,0,0,0,0,0,"Not Fragile",0,"IDN",12051,-0.989307783120718,"Not Fragile",0,0,"Not Fragile",0,0,May 2021,17,2.89037175789616,34,3.55534806148941,-0.248619630877125,0.507459126652555,3.681512362243,3.75690184561438
"176","Jamaica","JAM","Jamaica",NA,0,7,0,0,0,0,0,0,0,"Not Fragile",0,"JAM",2529,1.21150964005766,"Fragile",0,0,"Not Fragile",10,0,May 2021,8,2.19722457733622,53,3.98898404656427,-0.900538647760508,0.154773868930002,4.12836389719916,0.497306761197462
"177","Korea Republic of","KOR","Korea Republic of",NA,0,7,0,0,0,0,0,0,0,"Not Fragile",0,"KOR",180,-1.07494439096639,"Not Fragile",0,0,"Not Fragile",0,0,May 2021,0,0,0,0,NA,0,0,0
"178","Kyrgyzstan","KGZ","Kyrgyzstan",NA,0,7,0,0,0,0,0,0,0,"Not Fragile",0,"KGZ",2963,1.18808246292505,"Fragile",0,0,"Not Fragile",10,0,May 2021,0,0,31,3.46573590279973,3.0564764541867,0.898800367027495,0.718573743965824,10
"179","Lao PDR","LAO","Lao PDR",NA,0,7,0,0,0,0,0,0,0,"Not Fragile",0,"LAO",6757,-1.41245404590327,"Not Fragile",0,0,"Not Fragile",0,0,NA,NA,NA,NA,NA,NA,NA,NA,NA
"180","Liechtenstein","LIE","Liechtenstein",NA,0,7,0,0,0,0,0,0,0,"Not Fragile",0,NA,NA,NA,NA,NA,NA,NA,NA,NA,May 2021,0,0,NA,NA,NA,NA,NA,NA
"181","Marshall Islands","MHL","Marshall Islands","High-Institutional and Social Fragility",10,7,0,0,0,0,0,0,0,"Not Fragile",0,"MHL",7,0.912870929175277,"Not Fragile",0,0,"Not Fragile",9.12870929175277,0,NA,NA,NA,NA,NA,NA,NA,NA,NA
"182","Namibia","NAM","Namibia",NA,0,7,0,0,0,0,0,0,0,"Not Fragile",0,"NAM",459,-2.02248375433021,"Not Fragile",0,0,"Not Fragile",0,0,May 2021,0,0,0,0,-0.715839570625359,0.435870042885391,0.312013024347535,0
"183","Nepal","NPL","Nepal",NA,0,7,0,0,1,0,1,0,0,"Not Fragile",0,"NPL",8192,-1.13917210674748,"Not Fragile",0,0,"Not Fragile",0,0,May 2021,1,0.693147180559945,1,0.693147180559945,-0.878656816962014,0.77555776126888,1.37459629444664,0
"184","Norway","NOR","Norway",NA,0,7,0,0,0,0,1,0,0,"Not Fragile",0,"NOR",5,-1.11803398874989,"Not Fragile",0,0,"Not Fragile",0,0,May 2021,0,0,0,0,-0.483045891539648,0.286990198115805,0.138629436111989,0
"185","Paraguay","PRY","Paraguay",NA,0,7,0,0,0,0,0,0,0,"Not Fragile",0,"PRY",84,0.554331816945134,"Not Fragile",0,0,"Not Fragile",5.54331816945134,0,May 2021,1,0.693147180559945,4,1.6094379124341,0.522568727387277,0.922800380704867,1.12721129185666,0
"186","Russian Federation","RUS","Russian Federation",NA,0,7,0,0,0,0,0,0,0,"Not Fragile",0,"RUS",62343,-0.525961301607439,"Not Fragile",0,0,"Not Fragile",0,0,May 2021,1,0.693147180559945,3,1.38629436111989,-1.96632689836844,0.657406966197759,2.67897136192933,0
"187","Slovakia","SVK","Slovakia",NA,0,7,0,0,0,0,0,0,0,"Not Fragile",0,"SVK",1343,1.21096260556853,"Fragile",0,0,"Not Fragile",10,0,May 2021,0,0,0,0,NA,0,0,0
"188","Sri Lanka","LKA","Sri Lanka",NA,0,7,0,0,0,0,0,0,0,"Not Fragile",0,"LKA",110348,-1.44441107576674,"Not Fragile",25110,-1.52591279751243,"Not Fragile",0,0,May 2021,0,0,1,0.693147180559945,-1.09406890112691,1.28707715822085,2.10129827272018,0
"189","United Kingdom","GBR","United Kingdom",NA,0,NA,NA,NA,NA,NA,NA,NA,NA,NA,NA,"GBR",69,-0.981748451759817,"Not Fragile",0,0,"Not Fragile",0,0,May 2021,1,0.693147180559945,1,0.693147180559945,0.110497785679731,0.567134899406346,0.630480029993847,0
"190","Viet Nam","VNM","Viet Nam",NA,0,7,0,0,0,0,0,0,0,"Not Fragile",0,"VNM",316441,-0.687365161232618,"Not Fragile",0,0,"Not Fragile",0,0,NA,NA,NA,NA,NA,NA,NA,NA,NA
